Code-Tabelle d-f-i,,,,,,,,,,,,,,,,,,,,,,,,,,,,,
Stand: 19.01.2024,,,,,,,,,,,,,,,,,,,,,,,,,,,,,
,,,,,,,,,,,,,,,,,,,,,,,,,,,,,
Datenfeld,Code,Italiano,Deutsch,Français,English,,,,,,,,,,,,,,,,,,,,,,,,
,,,,,,,,,,,,,,,,,,,,,,,,,,,,,
Antrieb,A,Integrale,Allrad,Intégrale,,,,,,,,,,,,,,,,,,,,,,,,,
Antrieb,G,Fuoristrada,Geländegängig,Tout terrain,,,,,,,,,,,,,,,,,,,,,,,,,
Antrieb,H,Ruote posteriori,Hinterrad,Roues arrière,,,,,,,,,,,,,,,,,,,,,,,,,
Antrieb,R,Cingoli,Raupenantrieb,Chenilles,,,,,,,,,,,,,,,,,,,,,,,,,
Antrieb,V,Ruote anteriori,Vorderrad,Roues avant,,,,,,,,,,,,,,,,,,,,,,,,,
,,,,,,,,,,,,,,,,,,,,,,,,,,,,,
Besondere_Verwendung,03,Veicolo per scuola guida,Fahrschulfahrzeug,Véhicule d'auto-école,,,,,,,,,,,,,,,,,,,,,,,,,
Besondere_Verwendung,04,Merci pericolose,Gefährliche Güter,Marchandises dangereuses,,,,,,,,,,,,,,,,,,,,,,,,,
Besondere_Verwendung,05,Veicolo per disabili,Behindertenfahrzeug,Véhicule pour handicapés,,,,,,,,,,,,,,,,,,,,,,,,,
Besondere_Verwendung,06,Veicolo d'epoca,Veteranenfahrzeug,Véhicule vétéran,,,,,,,,,,,,,,,,,,,,,,,,,
Besondere_Verwendung,07,Trasporto professionale di persone,Berufsmässiger Personentransport,Voit automobile pour trsp prof de personnes,,,,,,,,,,,,,,,,,,,,,,,,,
Besondere_Verwendung,08,Veicolo per diplomatici,Diplomatenfahrzeug,Véhicule diplomatique,,,,,,,,,,,,,,,,,,,,,,,,,
Besondere_Verwendung,09,Veicolo antincendio,Feuerwehrfahrzeug,Véhicule du service du feu,,,,,,,,,,,,,,,,,,,,,,,,,
Besondere_Verwendung,11,Veicolo di linea,Linienfahrzeug,Véhicule de ligne,,,,,,,,,,,,,,,,,,,,,,,,,
Besondere_Verwendung,12,Veicolo di polizia,Polizeifahrzeug,Véhicuel de police,,,,,,,,,,,,,,,,,,,,,,,,,
Besondere_Verwendung,13,Veicolo da fiera,Schaustellerfahrzeug,Véhicule de forains,,,,,,,,,,,,,,,,,,,,,,,,,
Besondere_Verwendung,14,Veicolo per la protezione civile,Zivilschutzfahrzeug,Véhicule de la protection civile,,,,,,,,,,,,,,,,,,,,,,,,,
Besondere_Verwendung,15,Veicolo ambulanza,Ambulanzfahrzeug,Véhicule d'ambulance,,,,,,,,,,,,,,,,,,,,,,,,,
Besondere_Verwendung,16,Veicolo per istruttori,Instruktorenfahrzeug,Voiture d'Instructeur,,,,,,,,,,,,,,,,,,,,,,,,,
Besondere_Verwendung,17,Trasporto di cadaveri,Leichentransport,Transport de cadavres,,,,,,,,,,,,,,,,,,,,,,,,,
Besondere_Verwendung,18,Ungulati,Klauentiere,Animaux à onglons,,,,,,,,,,,,,,,,,,,,,,,,,
,,,,,,,,,,,,,,,,,,,,,,,,,,,,,
Emissionscode,000,NESSUN VALORE PER I GAS DI SCARICO,KEINE ABGASWERTE,PAS DE VALEURS D'ÉMMISSIONS,,,,,,,,,,,,,,,,,,,,,,,,,
Emissionscode,A00,"Classificazioni speciali, 88/77/CE, ECE-49R-01","Sondereinteilungen, 88/77/EG, ECE-49R-01","Classifications spéciales 88/77/EG, ECE-49R-01",,,,,,,,,,,,,,,,,,,,,,,,,
Emissionscode,A01,"Classificazioni speciali, 88/77/CE-91/542A; ECE-49R-02A","Sondereinteilungen, 88/77/EG-91/542A; ECE-49R-02A","Classifications spéciales, 88/77/EG-91/542A; ECE-49R-02A",,,,,,,,,,,,,,,,,,,,,,,,,
Emissionscode,A02,"Classificazione speciale, omol.: ACAA–ACBB","Sondereinteilung, TG: ACAA-ACBB","Classification spéciale, TG: ACAA-ACBB",,,,,,,,,,,,,,,,,,,,,,,,,
Emissionscode,A03,"Classificazione speciale, omol.: ACCA+ACCB, ACDA+ACDB","Sondereinteilung, TG: ACCA+ACCB ACDA+ACDB","Classification spéciale, TG: ACCA+ACCB ACDA+ACDB",,,,,,,,,,,,,,,,,,,,,,,,,
Emissionscode,A04,"Classificazione speciale, omol.: ACCC+ACCD, ACDC, ACEA–ACEC","Sondereinteilung, TG: ACCC+ACCD,ACDC,ACEA-ACEC","Classification spéciale, TG: ACCC+ACCD,ACDC,ACEA-ACEC",,,,,,,,,,,,,,,,,,,,,,,,,
Emissionscode,A05,"Classificazione speciale, omol.: ACDF, ACED–ACEG, ACEH–ACEK","Sondereinteilung, TG: ACDF,ACED-ACEG,ACEH-ACEK","Classification spéciale, TG: ACDF,ACED-ACEG,ACEH-ACEK",,,,,,,,,,,,,,,,,,,,,,,,,
Emissionscode,A06,"Classificazione speciale, omol.: ACEX",Sondereinteilung; TG: ACEX,"Classification spéciale, TG: ACEX",,,,,,,,,,,,,,,,,,,,,,,,,
Emissionscode,A07,"Classificazione speciale, omol.: AJZZ+AJCZ",Sondereinteilung; TG: AJZZ+AJCZ,"Classification spéciale, TG: AJZZ+AJCZ",,,,,,,,,,,,,,,,,,,,,,,,,
Emissionscode,A08,"Classificazione speciale, omol.: AKAA–AKAE, AKZA","Sondereinteilung; TG: AKAA-AKAE, AKZA","Classification spéciale, TG: AKAA-AKAE, AKZA",,,,,,,,,,,,,,,,,,,,,,,,,
Emissionscode,A10,"Classificazioni speciali, 70/220/CE, ECE-83R-00","Sondereinteilungen, 70/220/EG, ECE-83R-00","Classifications spéciales, 70/220/EG, ECE-83R-00",,,,,,,,,,,,,,,,,,,,,,,,,
Emissionscode,A11,"Classificazione speciale, omol.: AABA–AABD, AAAA–AAAJ","Sondereinteilung, TG: AABA-AABD, AAAA-AAAJ","Classification spéciale, TG: AABA-AABD, AAAA-AAAJ",,,,,,,,,,,,,,,,,,,,,,,,,
Emissionscode,A12,"Classificazione speciale, omol.: AACA–AACM","Sondereinteilung, TG: AACA bis AACM","Classification spéciale, TG: AACA jusqu'à AACM",,,,,,,,,,,,,,,,,,,,,,,,,
Emissionscode,A13,"Classificazione speciale, omol.: AADA–AADS","Sondereinteilung, TG: AADA-AADS","Classification spéciale, TG: AADA-AADS",,,,,,,,,,,,,,,,,,,,,,,,,
Emissionscode,A14,"Classificazione speciale, omol.: AAEA–AAEY","Sondereinteilung, TG: AAEA-AAEY","Classification spéciale, TG: AAEA-AAEY",,,,,,,,,,,,,,,,,,,,,,,,,
Emissionscode,A15,"Classificazione speciale, omol.: AJAA–AJAE",Sondereinteilung; TG: AJAA bis AJAE,"Classification spéciale, TG: AJAA jusqu'à AJAE",,,,,,,,,,,,,,,,,,,,,,,,,
Emissionscode,A16,"Classificazione speciale, omol.: AJAF–AJAM",Sondereinteilung; TG: AJAF bis AJAM,"Classification spéciale, TG: AJAF jusqu'à AJAM",,,,,,,,,,,,,,,,,,,,,,,,,
Emissionscode,A17,"Classificazione speciale, omol.: AJBN–AJBP",Sondereinteilung; TG: AJBN bis AJBP,"Classification spéciale, TG: AJBN jusqu'à AJBP",,,,,,,,,,,,,,,,,,,,,,,,,
Emissionscode,A18,"Classificazione speciale, omol.: AJBQ–AJBY",Sondereinteilung; TG: AJBQ bis AJBY,"Classification spéciale, TG: AJBQ jusqu'à AJBY",,,,,,,,,,,,,,,,,,,,,,,,,
Emissionscode,A19,"Classificazione speciale, omol.: AJBA–AJBF",Sondereinteilung; TG: AJBA bis AJBF,"Classification spéciale, TG: AJBA jusqu'à AJBF",,,,,,,,,,,,,,,,,,,,,,,,,
Emissionscode,A20,"Classificazione speciale, motori a gas","Sondereinteilung,  Gasmotoren","Classification spéciale,  moteur à gaz",,,,,,,,,,,,,,,,,,,,,,,,,
Emissionscode,A21,"Classificazione speciale, motori a benzina","Sondereinteilung,  Benzinmotoren","Classification spéciale,  moteur à essence",,,,,,,,,,,,,,,,,,,,,,,,,
Emissionscode,A22,"Classificazione speciale, autovetture per impieghi speciali","Sondereinteilung, PW für besondere Einsätze","Classification spéciale, VT pour utilisations spéciales",,,,,,,,,,,,,,,,,,,,,,,,,
Emissionscode,A23,"Classificazione speciale, Vmax. 45 km/h","Sondereinteilung,   Vmax 45km/h","Classification spéciale,   Vmax 45km/h",,,,,,,,,,,,,,,,,,,,,,,,,
Emissionscode,A24,Motopropulsore elettrico con batteria,Elektroantrieb mit Batterie,Propulsion électrique avec batterie,,,,,,,,,,,,,,,,,,,,,,,,,
Emissionscode,A25,"Classificazione speciale, omol.: ACEX",Sondereinteilung; TG: ACEX,"Classification spéciale, TG: ACEX",,,,,,,,,,,,,,,,,,,,,,,,,
Emissionscode,A26,"Classificazione speciale, omol.: AJZZ + AJCZ",Sondereinteilung; TG: AJZZ + AJCZ,"Classification spéciale, TG: AJZZ + AJCZ",,,,,,,,,,,,,,,,,,,,,,,,,
Emissionscode,A27,Motopropulsore elettrico con cella a combustibile,Elektroantrieb mit Brennstoffzelle,Propulsion électrique avec pile à combustible,,,,,,,,,,,,,,,,,,,,,,,,,
Emissionscode,A28,"Classificazione speciale, omol.: AJBG–AJBL",Sondereinteilung; TG: AJBG-AJBL,"Classification spéciale, TG: AJBG-AJBL",,,,,,,,,,,,,,,,,,,,,,,,,
Emissionscode,A29,"Autoveicoli pesanti, omol.: AJCA–AJCF",schwere Motorwagen; TG: AJCA bis AJCF,Voitures automobiles lourdes; TG: AJCA jusqu'à AJCF,,,,,,,,,,,,,,,,,,,,,,,,,
Emissionscode,A30,"Autoveicoli pesanti, omol.: AJCG–AJCI",schwere Motorwagen; TG: AJCG bis AJCI,Voitures automobiles lourdes; TG: AJCG jusqu'à AJCI,,,,,,,,,,,,,,,,,,,,,,,,,
Emissionscode,A31,"Autoveicoli pesanti, omol.: AJCJ–AJCL",schwere Motorwagen; TG: AJCJ bis AJCL,Voitures automobiles lourdes; TG: AJCJ jusqu'à AJCL,,,,,,,,,,,,,,,,,,,,,,,,,
Emissionscode,A32,"Autoveicoli pesanti, omol.: AJDA–AJDC",schwere Motorwagen; TG: AJDA bis AJDC,Voitures automobiles lourdes; TG: AJDA jusqu'à AJDC,,,,,,,,,,,,,,,,,,,,,,,,,
Emissionscode,A33,"Autoveicoli pesanti, omol.: AJDG–AJDI",schwere Motorwagen; TG: AJDG bis AJDI,Voitures automobiles lourdes; TG: AJDG jusqu'à AJDI,,,,,,,,,,,,,,,,,,,,,,,,,
Emissionscode,A34,"Autoveicoli pesanti, omol.: AJGM–AJGO",schwere Motorwagen; TG: AJGM bis AJGO,Voitures automobiles lourdes; TG: AJGM jusqu'à AJGO,,,,,,,,,,,,,,,,,,,,,,,,,
Emissionscode,A35,"Autoveicoli pesanti, omol.: AJHP–AJHR",schwere Motorwagen; TG: AJHP bis AJHR,Voitures automobiles lourdes; TG: AJHP jusqu'à AJHR,,,,,,,,,,,,,,,,,,,,,,,,,
Emissionscode,A36,"Autoveicoli pesanti, omol.: AJEG",schwere Motorwagen; TG: AJEG,Voitures automobiles lourdes; TG: AJEG,,,,,,,,,,,,,,,,,,,,,,,,,
Emissionscode,A37,"Autoveicoli pesanti, omol.: AJFH–AJFI, AJFG","schwere Motorwagen; TG: AJFH bis AJFI, AJFG","Voitures automobiles lourdes; TG: AJFH jusqu'à AJFI, AJFG",,,,,,,,,,,,,,,,,,,,,,,,,
Emissionscode,A50,"Classificazione speciale, omol.: AMXA + AMXB",Sondereinteilung; TG: AMXA + AMXB,Classification spéciale; TG: AMXA + AMXB,,,,,,,,,,,,,,,,,,,,,,,,,
Emissionscode,A51,"Classificazione speciale, omol.: AMXA + AMXB",Sondereinteilung; TG: AMXA + AMXB,Classification spéciale; TG: AMXA + AMXB,,,,,,,,,,,,,,,,,,,,,,,,,
Emissionscode,A52,"Classificazione speciale, omol.: AMCB + AMXC",Sondereinteilung; TG: AMCB + AMXC,Classification spéciale; TG: AMCB + AMXC,,,,,,,,,,,,,,,,,,,,,,,,,
Emissionscode,A53,"Classificazione speciale, omol.: AMCA",Sondereinteilung; TG: AMCA,Classification spéciale; TG: AMCA,,,,,,,,,,,,,,,,,,,,,,,,,
Emissionscode,B00,"Autoveicoli leggeri, senza norma sui gas di scarico","Leichte Motorwagen, ohne Abgasnorm","Voitures automobiles légères, sans normes d'émissions",,,,,,,,,,,,,,,,,,,,,,,,,
Emissionscode,B01,"Autoveicoli leggeri, omol.: AAAA–AAAJ","Leichte Motorwagen, TG: AAAA-AAAJ","Voitures automobiles légères, TG: AAAA-AAAJ",,,,,,,,,,,,,,,,,,,,,,,,,
Emissionscode,B02,"Autoveicoli leggeri, omol.: AABA–AABD, AACA–AACM","Leichte Motorwagen, TG: AABA-AABD, AACA-AACM","Voitures automobiles légères, TG: AABA-AABD, AACA-AACM",,,,,,,,,,,,,,,,,,,,,,,,,
Emissionscode,B03,"Autoveicoli leggeri, omol.: AADA–AADS","Leichte Motorwagen, TG: AADA-AADS","Voitures automobiles légères, TG: AADA-AADS",,,,,,,,,,,,,,,,,,,,,,,,,
Emissionscode,B04,"Autoveicoli leggeri, omol.: AAEA–AAEY","Leichte Motorwagen, TG: AAEA-AAEY","Voitures automobiles légères, TG: AAEA-AAEY",,,,,,,,,,,,,,,,,,,,,,,,,
Emissionscode,B5a,"Autoveicoli leggeri, omol.: AJAA–AJAE","Leichte Motorwagen, TG: AJAA-AJAE","Voitures automobiles légères, TG: AJAA-AJAE",,,,,,,,,,,,,,,,,,,,,,,,,
Emissionscode,B5b,"Autoveicoli leggeri, omol.: AJAF–AJAM","Leichte Motorwagen, TG: AJAF-AJAM","Voitures automobiles légères, TG: AJAF-AJAM",,,,,,,,,,,,,,,,,,,,,,,,,
Emissionscode,B6a,"Autoveicoli leggeri, omol.: AJBN–AJBP","Leichte Motorwagen, TG: AJBN-AJBP","Voitures automobiles légères, TG: AJBN-AJBP",,,,,,,,,,,,,,,,,,,,,,,,,
Emissionscode,B6b,"Autoveicoli leggeri, omol.: AJBQ–AJBY, AJDA–AJDC","Leichte Motorwaqen; TG: AJBQ-AJBY, AJDA-AJDC","Voitures automobiles légères, TG: AJBQ-AJBY, AJDA-AJDC",,,,,,,,,,,,,,,,,,,,,,,,,
Emissionscode,B6c,"Autoveicoli leggeri, omol.: AJBA–AJBF, AJCA–AJCF","Leichte Motorwagen, TG: AJBA-AJBF, AJCA-AJCF","Voitures automobiles légères, TG: AJBA-AJBF, AJCA-AJCF",,,,,,,,,,,,,,,,,,,,,,,,,
Emissionscode,B6d,"Autoveicoli leggeri, omol.: AJBG–AJBL, AJCG–AJCL, AJDG –AJDI, AJGM–AJGO, AAJHP–AJHR, AJEG, AJFH–AJFI, AJFG","Leichte Motorwagen, TG: AJBG-AJBL, AJCG-AJCL, AJDG -AJDI, AJGM-AJGO, AAJHP-AJHR, AJEG, AJFH-AJFI, AJFG","Voitures automobiles légères,, TG: AJBG-AJBL, AJCG-AJCL, AJDG -AJDI, AJGM-AJGO, AAJHP-AJHR, AJEG, AJFH-AJFI, AJFG",,,,,,,,,,,,,,,,,,,,,,,,,
Emissionscode,C00,Motoveicoli e simili: senza norma sui gas di scarico,Motorrad und ähnliche: ohne Abgasnorm,"Motocycles et similaires, sans normes d'émissions",,,,,,,,,,,,,,,,,,,,,,,,,
Emissionscode,C01,"Motoveicoli e simili, omol.: AEBA–AEBG",Motorrad und ähnliche TG: AEBA-AEBG,Motocycles et similaires TG: AEBA-AEBG,,,,,,,,,,,,,,,,,,,,,,,,,
Emissionscode,C02,"Motoveicoli e simili, omol.: AEAG + AEAH",Motorrad und ähnliche TG: AEAG + AEAH,Motocycles et similaires TG: AEAG + AEAH,,,,,,,,,,,,,,,,,,,,,,,,,
Emissionscode,C03,"Motoveicoli e simili, omol.: AECA, AECB, AEBH, AEBK, AEBN, AEBO","Motorrad und ähnliche TG: AECA,AECB,AEBH,AEBK,AEBN,AEBO","Motocycles et similaires TG: AECA,AECB,AEBH,AEBK,AEBN,AEBO",,,,,,,,,,,,,,,,,,,,,,,,,
Emissionscode,C04,"Motoveicoli e simili, omol.: ALAA–ALAH, ALBA, ALBB, ALCA–ALCF","Motorrad und ähnliche TG: ALAA-ALAH, ALBA,ALBB,ALCA-ALCF","Motocycles et similaires TG: ALAA-ALAH, ALBA,ALBB,ALCA-ALCF",,,,,,,,,,,,,,,,,,,,,,,,,
Emissionscode,C05,"Motoveicoli e simili, omol.: ALDA–ALDH, ALEA–ALEB, ALFA–ALFW, ALGA–ALGG","Motorrad und ähnliche TG: ALDA-ALDH, ALEA-ALEB, ALFA-ALFW, ALGA-ALGG","Motocycles et similaires TG: ALDA-ALDH, ALEA-ALEB, ALFA-ALFW, ALGA-ALGG",,,,,,,,,,,,,,,,,,,,,,,,,
Emissionscode,D00,"Veicoli da lavoro, omol.: AFAA–AFAC","Arbeitsfahrzeuge, TG: AFAA-AFAC","Véhicules de travail, TG: AFAA-AFAC",,,,,,,,,,,,,,,,,,,,,,,,,
Emissionscode,D01,"Veicoli da lavoro, omol.: AFAD–AFAG, AFYA–AFYI","Arbeitsfahrzeuge, TG: AFAD-AFAG, AFYA-AFYI","Véhicules de travail, TG: AFAD-AFAG, AFYA-AFYI",,,,,,,,,,,,,,,,,,,,,,,,,
Emissionscode,D02,"Veicoli da lavoro, omol.: AFAH–AFAK, AFZH–AFZK","Arbeitsfahrzeuge, TG: AFAH-AFAK, AFZH-AFZK","Véhicules de travail, TG: AFAH-AFAK, AFZH-AFZK",,,,,,,,,,,,,,,,,,,,,,,,,
Emissionscode,D03,"Veicoli da lavoro, omol.: AFAL–AFAP","Arbeitsfahrzeuge, TG: AFAL bis AFAP","Véhicules de travail, TG: AFAL bis AFAP",,,,,,,,,,,,,,,,,,,,,,,,,
Emissionscode,D04,"Veicoli da lavoro, omol.: AFAQ + AFAR","Arbeitsfahrzeuge, TG: AFAQ + AFAR","Véhicules de travail, TG: AFAQ + AFAR",,,,,,,,,,,,,,,,,,,,,,,,,
Emissionscode,D05,"Veicoli da lavoro, omol.: AMAA–AMAG, AMBA–AMBK","Arbeitsfahrzeuge, TG: AMAA-AMAG, AMBA-AMBK","Véhicules de travail, TG: AMAA-AMAG, AMBA-AMBK",,,,,,,,,,,,,,,,,,,,,,,,,
Emissionscode,D50,"Autocarri, omol.: AC1A–AC1C",Lastwagen; TG: AC1A bis AC1C,Camions; TG: AC1A jusqu'à AC1C,,,,,,,,,,,,,,,,,,,,,,,,,
Emissionscode,D51,"Autocarri, omol.: AC1D–AC1G",Lastwagen; TG: AC1D bis AC1G,Camions; TG: AC1D jusqu'à AC1G,,,,,,,,,,,,,,,,,,,,,,,,,
Emissionscode,D52,"Autocarri, omol.: AC1H–AC1K",Lastwagen; TG: AC1H bis AC1K,Camions; TG: AC1H jusqu'à AC1K,,,,,,,,,,,,,,,,,,,,,,,,,
Emissionscode,D53,"Autocarri, omol.: AC1L–AC1P",Lastwagen; TG: AC1L bis AC1P,Camions; TG: AC1L jusqu'à AC1P,,,,,,,,,,,,,,,,,,,,,,,,,
Emissionscode,D54,"Autocarri, omol.: AC1Q–AC1R",Lastwagen; TG: AC1Q bis AC1R,Camions; TG: AC1Q jusqu'à AC1R,,,,,,,,,,,,,,,,,,,,,,,,,
Emissionscode,E00,Autoveicoli pesanti senza norma sui gas di scarico,Schwere Motorwagen ohne Abgasnorm,Voitures automobiles lourdes sans normes d'émissions,,,,,,,,,,,,,,,,,,,,,,,,,
Emissionscode,E01,Autoveicoli pesanti 88/77/CE-91/542A ECE-49R-02A,Schwere Motorwagen 88/77/EG-91/542AECE-49R-02A,Voitures automobiles lourdes 88/77/EG-91/542AECE-49R-02A,,,,,,,,,,,,,,,,,,,,,,,,,
Emissionscode,E02,"Autoveicoli pesanti, omol.: ACAA, ACBA, ACBB","Schwere Motorwagen, TG: ACAA, ACBA, ACBB","Voitures automobiles lourdes, TG: ACAA, ACBA, ACBB",,,,,,,,,,,,,,,,,,,,,,,,,
Emissionscode,E03,"Autoveicoli pesanti, omol.: ACCA+ACCB, ACDA+ACDB","Schwere Motorwagen, TG: ACCA+ACCB, ACDA+ACDB","Voitures automobiles lourdes, TG: ACCA+ACCB, ACDA+ACDB",,,,,,,,,,,,,,,,,,,,,,,,,
Emissionscode,E04,"Autoveicoli pesanti, omol.: ACCC+ACCD, ACDC, ACEA–ACEC","Schwere Motorwagen,TG: ACCC+ACCD,ACDC,ACEA-ACEC","Voitures automobiles lourdes, TG: ACCC+ACCD,ACDC,ACEA-ACEC",,,,,,,,,,,,,,,,,,,,,,,,,
Emissionscode,E05,"Autoveicoli pesanti, omol.: ACDF, ACED–ACEG, ACEH–ACEK","Schwere Motorwagen,TG: ACDF,ACED-ACEG ACEH-ACEK","Voitures automobiles lourdes, TG: ACDF,ACED-ACEG ACEH-ACEK",,,,,,,,,,,,,,,,,,,,,,,,,
Emissionscode,E06,"Autoveicoli pesanti, omol.: AKAA–AKAE, AKZA","Schwere Motorwagen, TG: AKAA-AKAE, AKZA","Voitures automobiles lourdes, TG: AKAA-AKAE, AKZA",,,,,,,,,,,,,,,,,,,,,,,,,
Emissionscode,F00,"Trattori / carri con motore, omol.: AGAA–AGAC, ANAA+ANAF, ANAH–ANAK, ANAX","Traktoren / Motorkarren, TG: AGAA-AGAC, ANAA+ANAF, ANAH-ANAK, ANAX","Tracteurs / Chariots à moteur, TG: AGAA-AGAC, ANAA+ANAF, ANAH-ANAK, ANAX",,,,,,,,,,,,,,,,,,,,,,,,,
Emissionscode,F01,"Trattori / carri con motore, omol.: AGAD–AGAG, ANAG","Traktoren / Motorkarren, TG: AGAD-AGAG, ANAG","Tracteurs / Chariots à moteur, TG: AGAD-AGAG, ANAG",,,,,,,,,,,,,,,,,,,,,,,,,
Emissionscode,F02,"Trattori / carri con motore, omol.: AGAH–AGAK, AGAS–AGAV, ANAB","Traktoren / Motorkarren, TG: AGAH-AGAK, AGAS-AGAV, ANAB","Tracteurs / Chariots à moteur, TG: AGAH-AGAK, AGAS-AGAV, ANAB",,,,,,,,,,,,,,,,,,,,,,,,,
Emissionscode,F03,"Trattori / carri con motore, omol.: AGAL–AGAP, AGAW–AGAY, ANAC, ANAL–ANAP","Traktoren / Motorkarren, TG: AGAL-AGAP, AGAW-AGAY, ANAC, ANAL-ANAP","Tracteurs / Chariots à moteur, TG: AGAL-AGAP, AGAW-AGAY, ANAC, ANAL-ANAP",,,,,,,,,,,,,,,,,,,,,,,,,
Emissionscode,F04,"Trattori / carri con motore, omol.: AGAQ+AGAR, AGBA+AGBB, ANAD+ANAE, ANAQ+ANAR","Traktoren / Motorkarren, TG: AGAQ+AGAR, AGBA+AGBB, ANAD+ANAE, ANAQ+ANAR","Tracteurs / Chariots à moteur, TG: AGAQ+AGAR, AGBA+AGBB, ANAD+ANAE, ANAQ+ANAR",,,,,,,,,,,,,,,,,,,,,,,,,
Emissionscode,F05,"Trattori / carri con motore, omol.: ANCA–ANCG, ANDA–ANDL","Traktoren / Motorkarren, TG: ANCA-ANCG,ANDA-ANDL","Tracteurs / Chariots à moteur, TG: ANCA-ANCG,ANDA-ANDL",,,,,,,,,,,,,,,,,,,,,,,,,
Emissionscode,F50,"Autocarri, omol.: AC6A–AC6C",Lastwagen; TG: AC6A bis AC6C,Camions; TG: AC6A jusqu'à AC6C,,,,,,,,,,,,,,,,,,,,,,,,,
Emissionscode,F51,"Autocarri, omol.: AC6D–AC6G",Lastwagen; TG: AC6D bis AC6G,Camions; TG: AC6D jusqu'à AC6G,,,,,,,,,,,,,,,,,,,,,,,,,
Emissionscode,F52,"Autocarri, omol.: AC6H–AC6K",Lastwagen; TG: AC6H bis AC6K,Camions; TG: AC6H jusqu'à AC6K,,,,,,,,,,,,,,,,,,,,,,,,,
Emissionscode,F53,"Autocarri, omol.: AC6L–AC6P",Lastwagen; TG: AC6L bis AC6P,Camions; TG: AC6L jusqu'à AC6P,,,,,,,,,,,,,,,,,,,,,,,,,
Emissionscode,F54,"Autocarri, omol.: AC1Q + AC1R",Lastwagen; TG: AC1Q + AC1R,Camions; TG: AC1Q + AC1R,,,,,,,,,,,,,,,,,,,,,,,,,
,,,,,,,,,,,,,,,,,,,,,,,,,,,,,
"Kanton ((Erst)Inverkehrsetzung_Kanton, Schildkanton)",A,Amministrazione,Administration,Administration,,,,,,,,,,,,,,,,,,,,,,,,,
"Kanton ((Erst)Inverkehrsetzung_Kanton, Schildkanton)",AG,Argovia,Aargau,Argovie,,,,,,,,,,,,,,,,,,,,,,,,,
"Kanton ((Erst)Inverkehrsetzung_Kanton, Schildkanton)",AI,Appenzello interno,Appenzell-Innerrhoden,"Appenzell, Rhodes-Intérieures",,,,,,,,,,,,,,,,,,,,,,,,,
"Kanton ((Erst)Inverkehrsetzung_Kanton, Schildkanton)",AR,Appenzello esterno,Appenzell-Ausserrhoden,"Appenzell, Rhodes-Extérieures",,,,,,,,,,,,,,,,,,,,,,,,,
"Kanton ((Erst)Inverkehrsetzung_Kanton, Schildkanton)",AS,Ufficio federale delle strade,Bundesamt für Strassen,Office fédéral des routes,,,,,,,,,,,,,,,,,,,,,,,,,
"Kanton ((Erst)Inverkehrsetzung_Kanton, Schildkanton)",BE,Berna,Bern,Berne,,,,,,,,,,,,,,,,,,,,,,,,,
"Kanton ((Erst)Inverkehrsetzung_Kanton, Schildkanton)",BL,Basilea Campagna,Basel-Landschaft,Bâle-Campagne,,,,,,,,,,,,,,,,,,,,,,,,,
"Kanton ((Erst)Inverkehrsetzung_Kanton, Schildkanton)",BS,Basilea Città,Basel-Stadt,Bâle-Ville,,,,,,,,,,,,,,,,,,,,,,,,,
"Kanton ((Erst)Inverkehrsetzung_Kanton, Schildkanton)",BU,,Büsingen,,,,,,,,,,,,,,,,,,,,,,,,,,
"Kanton ((Erst)Inverkehrsetzung_Kanton, Schildkanton)",FL,Principato del Liechtenstein,Fürstentum Liechtenstein,Principauté de Liechtenstein,,,,,,,,,,,,,,,,,,,,,,,,,
"Kanton ((Erst)Inverkehrsetzung_Kanton, Schildkanton)",FR,Friburgo,Freiburg,Fribourg,,,,,,,,,,,,,,,,,,,,,,,,,
"Kanton ((Erst)Inverkehrsetzung_Kanton, Schildkanton)",GE,Ginevra,Genf,Genève,,,,,,,,,,,,,,,,,,,,,,,,,
"Kanton ((Erst)Inverkehrsetzung_Kanton, Schildkanton)",GL,Glarona,Glarus,Glaris,,,,,,,,,,,,,,,,,,,,,,,,,
"Kanton ((Erst)Inverkehrsetzung_Kanton, Schildkanton)",GR,Grigioni,Graubünden,Grisons,,,,,,,,,,,,,,,,,,,,,,,,,
"Kanton ((Erst)Inverkehrsetzung_Kanton, Schildkanton)",JU,Giura,Jura,Jura,,,,,,,,,,,,,,,,,,,,,,,,,
"Kanton ((Erst)Inverkehrsetzung_Kanton, Schildkanton)",LU,Lucerna,Luzern,Lucerne,,,,,,,,,,,,,,,,,,,,,,,,,
"Kanton ((Erst)Inverkehrsetzung_Kanton, Schildkanton)",M,Forze armate svizzere,Militär,Militaire,,,,,,,,,,,,,,,,,,,,,,,,,
"Kanton ((Erst)Inverkehrsetzung_Kanton, Schildkanton)",NE,Neuchâtel,Neuenburg,Neuchâtel,,,,,,,,,,,,,,,,,,,,,,,,,
"Kanton ((Erst)Inverkehrsetzung_Kanton, Schildkanton)",NW,Nidvaldo,Nidwalden,Nidwald,,,,,,,,,,,,,,,,,,,,,,,,,
"Kanton ((Erst)Inverkehrsetzung_Kanton, Schildkanton)",OW,Obvaldo,Obwalden,Obwald,,,,,,,,,,,,,,,,,,,,,,,,,
"Kanton ((Erst)Inverkehrsetzung_Kanton, Schildkanton)",P,Posta,Post,Poste,,,,,,,,,,,,,,,,,,,,,,,,,
"Kanton ((Erst)Inverkehrsetzung_Kanton, Schildkanton)",RP,RIPOL,RIPOL,RIPOL,,,,,,,,,,,,,,,,,,,,,,,,,
"Kanton ((Erst)Inverkehrsetzung_Kanton, Schildkanton)",SG,San Gallo,St. Gallen,Saint-Gall,,,,,,,,,,,,,,,,,,,,,,,,,
"Kanton ((Erst)Inverkehrsetzung_Kanton, Schildkanton)",SH,Sciaffusa,Schaffhausen,Schaffhouse,,,,,,,,,,,,,,,,,,,,,,,,,
"Kanton ((Erst)Inverkehrsetzung_Kanton, Schildkanton)",SO,Soletta,Solothurn,Soleure,,,,,,,,,,,,,,,,,,,,,,,,,
"Kanton ((Erst)Inverkehrsetzung_Kanton, Schildkanton)",SZ,Svitto,Schwyz,Schwyz,,,,,,,,,,,,,,,,,,,,,,,,,
"Kanton ((Erst)Inverkehrsetzung_Kanton, Schildkanton)",TG,Turgovia,Thurgau,Thurgovie,,,,,,,,,,,,,,,,,,,,,,,,,
"Kanton ((Erst)Inverkehrsetzung_Kanton, Schildkanton)",TI,Ticino,Tessin,Tessin,,,,,,,,,,,,,,,,,,,,,,,,,
"Kanton ((Erst)Inverkehrsetzung_Kanton, Schildkanton)",UR,Uri,Uri,Uri,,,,,,,,,,,,,,,,,,,,,,,,,
"Kanton ((Erst)Inverkehrsetzung_Kanton, Schildkanton)",VD,Vaud,Waadt,Vaud,,,,,,,,,,,,,,,,,,,,,,,,,
"Kanton ((Erst)Inverkehrsetzung_Kanton, Schildkanton)",VS,Vallese,Wallis,Valais,,,,,,,,,,,,,,,,,,,,,,,,,
"Kanton ((Erst)Inverkehrsetzung_Kanton, Schildkanton)",ZG,Zugo,Zug,Zoug,,,,,,,,,,,,,,,,,,,,,,,,,
"Kanton ((Erst)Inverkehrsetzung_Kanton, Schildkanton)",ZH,Zurigo,Zürich,Zurich,,,,,,,,,,,,,,,,,,,,,,,,,
,,,,,,,,,,,,,,,,,,,,,,,,,,,,,
"Staat (Erstinverkehrsetzung_Staat, Staat_Code)",A,Austria,Oesterreich,Autriche,,,,,,,,,,,,,,,,,,,,,,,,,
"Staat (Erstinverkehrsetzung_Staat, Staat_Code)",AFG,Afghanistan,Afghanistan,Afghanistan,,,,,,,,,,,,,,,,,,,,,,,,,
"Staat (Erstinverkehrsetzung_Staat, Staat_Code)",AG,Antigua e Barbuda,Antigua und Barbuda,Antigua et Barbuda,,,,,,,,,,,,,,,,,,,,,,,,,
"Staat (Erstinverkehrsetzung_Staat, Staat_Code)",AL,Albania,Albanien,Albanie,,,,,,,,,,,,,,,,,,,,,,,,,
"Staat (Erstinverkehrsetzung_Staat, Staat_Code)",AND,Andorra,Andorra,Andorre,,,,,,,,,,,,,,,,,,,,,,,,,
"Staat (Erstinverkehrsetzung_Staat, Staat_Code)",AO,Angola,Angola,Angola,,,,,,,,,,,,,,,,,,,,,,,,,
"Staat (Erstinverkehrsetzung_Staat, Staat_Code)",ARM,Armenia,Armenien,Arménie,,,,,,,,,,,,,,,,,,,,,,,,,
"Staat (Erstinverkehrsetzung_Staat, Staat_Code)",AUS,Australia,Australien,Australie,,,,,,,,,,,,,,,,,,,,,,,,,
"Staat (Erstinverkehrsetzung_Staat, Staat_Code)",AZ,Azerbaigian,Aserbaidschan,Azerbaidjan,,,,,,,,,,,,,,,,,,,,,,,,,
"Staat (Erstinverkehrsetzung_Staat, Staat_Code)",B,Belgio,Belgien,Belgique,,,,,,,,,,,,,,,,,,,,,,,,,
"Staat (Erstinverkehrsetzung_Staat, Staat_Code)",BD,Bangladesh,Bangladesch,Bangladesh,,,,,,,,,,,,,,,,,,,,,,,,,
"Staat (Erstinverkehrsetzung_Staat, Staat_Code)",BDI,Burundi,Burundi,Burundi,,,,,,,,,,,,,,,,,,,,,,,,,
"Staat (Erstinverkehrsetzung_Staat, Staat_Code)",BDS,Barbados,Barbados,Barbade,,,,,,,,,,,,,,,,,,,,,,,,,
"Staat (Erstinverkehrsetzung_Staat, Staat_Code)",BF,Burkina Faso,Burkina Faso,Burkina Faso,,,,,,,,,,,,,,,,,,,,,,,,,
"Staat (Erstinverkehrsetzung_Staat, Staat_Code)",BG,Bulgaria,Bulgarien,Bulgarie,,,,,,,,,,,,,,,,,,,,,,,,,
"Staat (Erstinverkehrsetzung_Staat, Staat_Code)",BH,Belize,Belize,Belize,,,,,,,,,,,,,,,,,,,,,,,,,
"Staat (Erstinverkehrsetzung_Staat, Staat_Code)",BIH,Bosnia ed-Erzegovina,Bosnien+Herzegowina,Bosnie et Herzegovine,,,,,,,,,,,,,,,,,,,,,,,,,
"Staat (Erstinverkehrsetzung_Staat, Staat_Code)",BM,Bermuda,Bermudas,Bermudes,,,,,,,,,,,,,,,,,,,,,,,,,
"Staat (Erstinverkehrsetzung_Staat, Staat_Code)",BOL,Bolivia,Bolivien,Bolivie,,,,,,,,,,,,,,,,,,,,,,,,,
"Staat (Erstinverkehrsetzung_Staat, Staat_Code)",BR,Brasile,Brasilien,Brésil,,,,,,,,,,,,,,,,,,,,,,,,,
"Staat (Erstinverkehrsetzung_Staat, Staat_Code)",BRN,Bahrein,Bahrain,Bahreïn,,,,,,,,,,,,,,,,,,,,,,,,,
"Staat (Erstinverkehrsetzung_Staat, Staat_Code)",BRU,Brunei,Brunei,Brunéi,,,,,,,,,,,,,,,,,,,,,,,,,
"Staat (Erstinverkehrsetzung_Staat, Staat_Code)",BS,Bahamas,Bahamas,Bahamas,,,,,,,,,,,,,,,,,,,,,,,,,
"Staat (Erstinverkehrsetzung_Staat, Staat_Code)",BT,Bhutan,Bhutan,Bouthan,,,,,,,,,,,,,,,,,,,,,,,,,
"Staat (Erstinverkehrsetzung_Staat, Staat_Code)",BY,Belarus (Bielorussia),Belarus (Weissrussland),Belarus (Bielorussie),,,,,,,,,,,,,,,,,,,,,,,,,
"Staat (Erstinverkehrsetzung_Staat, Staat_Code)",C,Cuba,Kuba,Cuba,,,,,,,,,,,,,,,,,,,,,,,,,
"Staat (Erstinverkehrsetzung_Staat, Staat_Code)",CAM,Camerun,Kamerun,Cameroun,,,,,,,,,,,,,,,,,,,,,,,,,
"Staat (Erstinverkehrsetzung_Staat, Staat_Code)",CDN,Canada,Kanada,Canada,,,,,,,,,,,,,,,,,,,,,,,,,
"Staat (Erstinverkehrsetzung_Staat, Staat_Code)",CH,Svizzera,Schweiz,Suisse,,,,,,,,,,,,,,,,,,,,,,,,,
"Staat (Erstinverkehrsetzung_Staat, Staat_Code)",CHN,Cina,China,Chine,,,,,,,,,,,,,,,,,,,,,,,,,
"Staat (Erstinverkehrsetzung_Staat, Staat_Code)",CI,Costa d'Avorio,Cote d'Ivoire,Côte d'Ivoire,,,,,,,,,,,,,,,,,,,,,,,,,
"Staat (Erstinverkehrsetzung_Staat, Staat_Code)",CL,Sri Lanka,Sri Lanka,Sri Lanka,,,,,,,,,,,,,,,,,,,,,,,,,
"Staat (Erstinverkehrsetzung_Staat, Staat_Code)",CO,Colombia,Kolumbien,Colombie,,,,,,,,,,,,,,,,,,,,,,,,,
"Staat (Erstinverkehrsetzung_Staat, Staat_Code)",COM,Comore,Komoren (Code ISO 3166),Comores,,,,,,,,,,,,,,,,,,,,,,,,,
"Staat (Erstinverkehrsetzung_Staat, Staat_Code)",CR,Costa Rica,Costa Rica,Costa Rica,,,,,,,,,,,,,,,,,,,,,,,,,
"Staat (Erstinverkehrsetzung_Staat, Staat_Code)",CV,Capo Verde,Kap Verden,Cap-Vert,,,,,,,,,,,,,,,,,,,,,,,,,
"Staat (Erstinverkehrsetzung_Staat, Staat_Code)",CY,Cipro,Zypern,Chypre,,,,,,,,,,,,,,,,,,,,,,,,,
"Staat (Erstinverkehrsetzung_Staat, Staat_Code)",CZ,Repubblica Ceca,Tschechische Republik,République Tschèque,,,,,,,,,,,,,,,,,,,,,,,,,
"Staat (Erstinverkehrsetzung_Staat, Staat_Code)",D,Germania,Deutschland,Allemagne,,,,,,,,,,,,,,,,,,,,,,,,,
"Staat (Erstinverkehrsetzung_Staat, Staat_Code)",DJI,Gibuti,Dschibuti,Djibouti,,,,,,,,,,,,,,,,,,,,,,,,,
"Staat (Erstinverkehrsetzung_Staat, Staat_Code)",DK,Danimarca,Dänemark,Danemark,,,,,,,,,,,,,,,,,,,,,,,,,
"Staat (Erstinverkehrsetzung_Staat, Staat_Code)",DOM,Repubblica Dominicana,Dominikanische Republik,Republique Dominicaine,,,,,,,,,,,,,,,,,,,,,,,,,
"Staat (Erstinverkehrsetzung_Staat, Staat_Code)",DY,Benin,Benin,Bénin,,,,,,,,,,,,,,,,,,,,,,,,,
"Staat (Erstinverkehrsetzung_Staat, Staat_Code)",DZ,Algeria,Algerien,Algérie,,,,,,,,,,,,,,,,,,,,,,,,,
"Staat (Erstinverkehrsetzung_Staat, Staat_Code)",E,Spagna,Spanien,Espagne,,,,,,,,,,,,,,,,,,,,,,,,,
"Staat (Erstinverkehrsetzung_Staat, Staat_Code)",EAK,Kenia,Kenia,Kenya,,,,,,,,,,,,,,,,,,,,,,,,,
"Staat (Erstinverkehrsetzung_Staat, Staat_Code)",EAT,Tanzania,Tansania,Tanzanie,,,,,,,,,,,,,,,,,,,,,,,,,
"Staat (Erstinverkehrsetzung_Staat, Staat_Code)",EAU,Uganda,Uganda,Ouganda,,,,,,,,,,,,,,,,,,,,,,,,,
"Staat (Erstinverkehrsetzung_Staat, Staat_Code)",EC,Ecuador,Ecuador,Equateur,,,,,,,,,,,,,,,,,,,,,,,,,
"Staat (Erstinverkehrsetzung_Staat, Staat_Code)",EH,Sahara occidentale,Westsahara,Sahara occidental,,,,,,,,,,,,,,,,,,,,,,,,,
"Staat (Erstinverkehrsetzung_Staat, Staat_Code)",ER,Eritrea,Eritrea,Erythrée,,,,,,,,,,,,,,,,,,,,,,,,,
"Staat (Erstinverkehrsetzung_Staat, Staat_Code)",ES,El Salvador,El Salvador,El Salvador,,,,,,,,,,,,,,,,,,,,,,,,,
"Staat (Erstinverkehrsetzung_Staat, Staat_Code)",EST,Estonia,Estland,Estonie,,,,,,,,,,,,,,,,,,,,,,,,,
"Staat (Erstinverkehrsetzung_Staat, Staat_Code)",ET,Egitto,Aegypten,Egypte,,,,,,,,,,,,,,,,,,,,,,,,,
"Staat (Erstinverkehrsetzung_Staat, Staat_Code)",ETH,Etiopia,Aethiopien,Ethiopie,,,,,,,,,,,,,,,,,,,,,,,,,
"Staat (Erstinverkehrsetzung_Staat, Staat_Code)",F,Francia,Frankreich,France,,,,,,,,,,,,,,,,,,,,,,,,,
"Staat (Erstinverkehrsetzung_Staat, Staat_Code)",FIN,Finlandia,Finnland,Finlande,,,,,,,,,,,,,,,,,,,,,,,,,
"Staat (Erstinverkehrsetzung_Staat, Staat_Code)",FJI,Figi (Isole),Fidschi (Inseln),Fidji (Iles),,,,,,,,,,,,,,,,,,,,,,,,,
"Staat (Erstinverkehrsetzung_Staat, Staat_Code)",FL,Liechtenstein,Liechtenstein,Liechtenstein,,,,,,,,,,,,,,,,,,,,,,,,,
"Staat (Erstinverkehrsetzung_Staat, Staat_Code)",FO,Feroe (Isole),Färöer (Inseln) DK,Féroé (Iles),,,,,,,,,,,,,,,,,,,,,,,,,
"Staat (Erstinverkehrsetzung_Staat, Staat_Code)",FSM,Micronesia,Mikronesien,Micronésie,,,,,,,,,,,,,,,,,,,,,,,,,
"Staat (Erstinverkehrsetzung_Staat, Staat_Code)",GAB,Gabun,Gabun,Gabon,,,,,,,,,,,,,,,,,,,,,,,,,
"Staat (Erstinverkehrsetzung_Staat, Staat_Code)",GB,Gran Bretagna,Grossbritannien,Grande-Bretagne,,,,,,,,,,,,,,,,,,,,,,,,,
"Staat (Erstinverkehrsetzung_Staat, Staat_Code)",GBA,Alderney,Alderney,Alderney,,,,,,,,,,,,,,,,,,,,,,,,,
"Staat (Erstinverkehrsetzung_Staat, Staat_Code)",GBG,Guernsey,Guernsey,Guernsey,,,,,,,,,,,,,,,,,,,,,,,,,
"Staat (Erstinverkehrsetzung_Staat, Staat_Code)",GBJ,Jersey,Jersey,Jersey,,,,,,,,,,,,,,,,,,,,,,,,,
"Staat (Erstinverkehrsetzung_Staat, Staat_Code)",GBM,Man (Isole di),Insel Man,Man (Ile de),,,,,,,,,,,,,,,,,,,,,,,,,
"Staat (Erstinverkehrsetzung_Staat, Staat_Code)",GBZ,Gibraltar,Gibraltar,Gibraltar,,,,,,,,,,,,,,,,,,,,,,,,,
"Staat (Erstinverkehrsetzung_Staat, Staat_Code)",GCA,Guatemala,Guatemala,Guatemala,,,,,,,,,,,,,,,,,,,,,,,,,
"Staat (Erstinverkehrsetzung_Staat, Staat_Code)",GE,Georgia,Georgien,Georgie,,,,,,,,,,,,,,,,,,,,,,,,,
"Staat (Erstinverkehrsetzung_Staat, Staat_Code)",GH,Ghana,Ghana,Ghana,,,,,,,,,,,,,,,,,,,,,,,,,
"Staat (Erstinverkehrsetzung_Staat, Staat_Code)",GQ,Guinea equatoriale,Aequatorial-Guinea,Guinée équatoriale,,,,,,,,,,,,,,,,,,,,,,,,,
"Staat (Erstinverkehrsetzung_Staat, Staat_Code)",GR,Grecia,Griechenland,Grèce,,,,,,,,,,,,,,,,,,,,,,,,,
"Staat (Erstinverkehrsetzung_Staat, Staat_Code)",GUY,Guyana,Guyana,Guyana,,,,,,,,,,,,,,,,,,,,,,,,,
"Staat (Erstinverkehrsetzung_Staat, Staat_Code)",GW,Guinea-Bissau,Guinea-Bissau,Guinée-Bissau,,,,,,,,,,,,,,,,,,,,,,,,,
"Staat (Erstinverkehrsetzung_Staat, Staat_Code)",H,Ungheria,Ungarn,Hongrie,,,,,,,,,,,,,,,,,,,,,,,,,
"Staat (Erstinverkehrsetzung_Staat, Staat_Code)",HK,Hong Kong (Cina),Hongkong (China),Hong-Kong (Chine),,,,,,,,,,,,,,,,,,,,,,,,,
"Staat (Erstinverkehrsetzung_Staat, Staat_Code)",HKJ,Giordania,Jordanien,Jordanie,,,,,,,,,,,,,,,,,,,,,,,,,
"Staat (Erstinverkehrsetzung_Staat, Staat_Code)",HN,Honduras,Honduras,Honduras,,,,,,,,,,,,,,,,,,,,,,,,,
"Staat (Erstinverkehrsetzung_Staat, Staat_Code)",HR,Croazia,Kroatien,Croatie,,,,,,,,,,,,,,,,,,,,,,,,,
"Staat (Erstinverkehrsetzung_Staat, Staat_Code)",I,Italia,Italien,Italie,,,,,,,,,,,,,,,,,,,,,,,,,
"Staat (Erstinverkehrsetzung_Staat, Staat_Code)",IL,Israele,Israel,Israël,,,,,,,,,,,,,,,,,,,,,,,,,
"Staat (Erstinverkehrsetzung_Staat, Staat_Code)",IND,India,Indien,Inde,,,,,,,,,,,,,,,,,,,,,,,,,
"Staat (Erstinverkehrsetzung_Staat, Staat_Code)",IR,Iran,Iran,Iran,,,,,,,,,,,,,,,,,,,,,,,,,
"Staat (Erstinverkehrsetzung_Staat, Staat_Code)",IRL,Irlanda,Irland,Irlande,,,,,,,,,,,,,,,,,,,,,,,,,
"Staat (Erstinverkehrsetzung_Staat, Staat_Code)",IRQ,Iraq,Irak,Iraq,,,,,,,,,,,,,,,,,,,,,,,,,
"Staat (Erstinverkehrsetzung_Staat, Staat_Code)",IS,Islanda,Island,Islande,,,,,,,,,,,,,,,,,,,,,,,,,
"Staat (Erstinverkehrsetzung_Staat, Staat_Code)",J,Giappone,Japan,Japon,,,,,,,,,,,,,,,,,,,,,,,,,
"Staat (Erstinverkehrsetzung_Staat, Staat_Code)",JA,Giamaica,Jamaika,Jamaïque,,,,,,,,,,,,,,,,,,,,,,,,,
"Staat (Erstinverkehrsetzung_Staat, Staat_Code)",K,Cambogia,Kambodscha,Cambodge,,,,,,,,,,,,,,,,,,,,,,,,,
"Staat (Erstinverkehrsetzung_Staat, Staat_Code)",KIR,Kiribati,Kiribati (Code ISO 3166),Kiribati,,,,,,,,,,,,,,,,,,,,,,,,,
"Staat (Erstinverkehrsetzung_Staat, Staat_Code)",KS,Kirgizistan,Kirgisistan,Kirghistan,,,,,,,,,,,,,,,,,,,,,,,,,
"Staat (Erstinverkehrsetzung_Staat, Staat_Code)",KWT,Kuwait,Kuwait,Koweit,,,,,,,,,,,,,,,,,,,,,,,,,
"Staat (Erstinverkehrsetzung_Staat, Staat_Code)",KY,Cayman Isole,Kaiman-Inseln (GB),Caÿmanes Îles,,,,,,,,,,,,,,,,,,,,,,,,,
"Staat (Erstinverkehrsetzung_Staat, Staat_Code)",KZ,Kazakhstan,Kasachstan,Kazakhstan,,,,,,,,,,,,,,,,,,,,,,,,,
"Staat (Erstinverkehrsetzung_Staat, Staat_Code)",L,Lussenburgo,Luxemburg,Luxembourg,,,,,,,,,,,,,,,,,,,,,,,,,
"Staat (Erstinverkehrsetzung_Staat, Staat_Code)",LAO,Laos,Laos,Laos,,,,,,,,,,,,,,,,,,,,,,,,,
"Staat (Erstinverkehrsetzung_Staat, Staat_Code)",LAR,Libia,Libyen,Libye,,,,,,,,,,,,,,,,,,,,,,,,,
"Staat (Erstinverkehrsetzung_Staat, Staat_Code)",LB,Liberia,Liberia,Libéria,,,,,,,,,,,,,,,,,,,,,,,,,
"Staat (Erstinverkehrsetzung_Staat, Staat_Code)",LS,Lesotho,Lesotho,Lesotho,,,,,,,,,,,,,,,,,,,,,,,,,
"Staat (Erstinverkehrsetzung_Staat, Staat_Code)",LT,Lituania,Litauen,Lituanie,,,,,,,,,,,,,,,,,,,,,,,,,
"Staat (Erstinverkehrsetzung_Staat, Staat_Code)",LV,Lettonia,Lettland,Lettonie,,,,,,,,,,,,,,,,,,,,,,,,,
"Staat (Erstinverkehrsetzung_Staat, Staat_Code)",M,Malta,Malta,Malte,,,,,,,,,,,,,,,,,,,,,,,,,
"Staat (Erstinverkehrsetzung_Staat, Staat_Code)",MA,Marocco,Marokko,Maroc,,,,,,,,,,,,,,,,,,,,,,,,,
"Staat (Erstinverkehrsetzung_Staat, Staat_Code)",MAL,Malaysia,Malaysia,Malaisie,,,,,,,,,,,,,,,,,,,,,,,,,
"Staat (Erstinverkehrsetzung_Staat, Staat_Code)",MC,Monaco,Monaco,Monaco,,,,,,,,,,,,,,,,,,,,,,,,,
"Staat (Erstinverkehrsetzung_Staat, Staat_Code)",MD,Moldavia,Moldau,Moldavie,,,,,,,,,,,,,,,,,,,,,,,,,
"Staat (Erstinverkehrsetzung_Staat, Staat_Code)",MEX,Messico,Mexiko,Mexique,,,,,,,,,,,,,,,,,,,,,,,,,
"Staat (Erstinverkehrsetzung_Staat, Staat_Code)",MGL,Mongolia,Mongolei,Mongolie,,,,,,,,,,,,,,,,,,,,,,,,,
"Staat (Erstinverkehrsetzung_Staat, Staat_Code)",MH,Marshall (Isole),Marshall-Inseln,Marshall (Iles),,,,,,,,,,,,,,,,,,,,,,,,,
"Staat (Erstinverkehrsetzung_Staat, Staat_Code)",MK,Macedonia del Nord,Nordmazedonien,Macédoine du Nord,,,,,,,,,,,,,,,,,,,,,,,,,
"Staat (Erstinverkehrsetzung_Staat, Staat_Code)",MNE,Montenegro,Montenegro,Monténégro,,,,,,,,,,,,,,,,,,,,,,,,,
"Staat (Erstinverkehrsetzung_Staat, Staat_Code)",MOC,Mozambico,Mosambik,Mozambique,,,,,,,,,,,,,,,,,,,,,,,,,
"Staat (Erstinverkehrsetzung_Staat, Staat_Code)",MS,Maurizio,Mauritius,Maurice,,,,,,,,,,,,,,,,,,,,,,,,,
"Staat (Erstinverkehrsetzung_Staat, Staat_Code)",MV,Maldive,Malediven,Maldives,,,,,,,,,,,,,,,,,,,,,,,,,
"Staat (Erstinverkehrsetzung_Staat, Staat_Code)",MW,Malawi,Malawi,Malawi,,,,,,,,,,,,,,,,,,,,,,,,,
"Staat (Erstinverkehrsetzung_Staat, Staat_Code)",MYA,Myanmar,Myanmar,Myanmar,,,,,,,,,,,,,,,,,,,,,,,,,
"Staat (Erstinverkehrsetzung_Staat, Staat_Code)",N,Norvegia,Norwegen,Norvège,,,,,,,,,,,,,,,,,,,,,,,,,
"Staat (Erstinverkehrsetzung_Staat, Staat_Code)",NA,Antille Olandesi,Niederländische Antillen,Antilles Néerlandaises,,,,,,,,,,,,,,,,,,,,,,,,,
"Staat (Erstinverkehrsetzung_Staat, Staat_Code)",NAM,Namibia,Namibia,Namibie,,,,,,,,,,,,,,,,,,,,,,,,,
"Staat (Erstinverkehrsetzung_Staat, Staat_Code)",NAU,Nauru,Nauru,Nauru,,,,,,,,,,,,,,,,,,,,,,,,,
"Staat (Erstinverkehrsetzung_Staat, Staat_Code)",NEP,Nepal,Nepal,Népal,,,,,,,,,,,,,,,,,,,,,,,,,
"Staat (Erstinverkehrsetzung_Staat, Staat_Code)",NIC,Nicaragua,Nicaragua,Nicaragua,,,,,,,,,,,,,,,,,,,,,,,,,
"Staat (Erstinverkehrsetzung_Staat, Staat_Code)",NL,Paesi Bassi,Niederlande,Pays-Bas,,,,,,,,,,,,,,,,,,,,,,,,,
"Staat (Erstinverkehrsetzung_Staat, Staat_Code)",NZ,Nuova Zelanda,Neuseeland,Nouvelle-Zélande,,,,,,,,,,,,,,,,,,,,,,,,,
"Staat (Erstinverkehrsetzung_Staat, Staat_Code)",OM,Oman,Oman,Oman,,,,,,,,,,,,,,,,,,,,,,,,,
"Staat (Erstinverkehrsetzung_Staat, Staat_Code)",P,Portogallo,Portugal,Portugal,,,,,,,,,,,,,,,,,,,,,,,,,
"Staat (Erstinverkehrsetzung_Staat, Staat_Code)",PA,Panama,Panama,Panama,,,,,,,,,,,,,,,,,,,,,,,,,
"Staat (Erstinverkehrsetzung_Staat, Staat_Code)",PE,Peru,Peru,Pérou,,,,,,,,,,,,,,,,,,,,,,,,,
"Staat (Erstinverkehrsetzung_Staat, Staat_Code)",PK,Pakistan,Pakistan,Pakistan,,,,,,,,,,,,,,,,,,,,,,,,,
"Staat (Erstinverkehrsetzung_Staat, Staat_Code)",PL,Polonia,Polen,Pologne,,,,,,,,,,,,,,,,,,,,,,,,,
"Staat (Erstinverkehrsetzung_Staat, Staat_Code)",PLW,Palau,Palau (ISO Code 3166),Palau,,,,,,,,,,,,,,,,,,,,,,,,,
"Staat (Erstinverkehrsetzung_Staat, Staat_Code)",PNG,Papuasia-Nuova-Guinea,Papua-Neuguinea,Papouasie-Nouvelle-Guinée,,,,,,,,,,,,,,,,,,,,,,,,,
"Staat (Erstinverkehrsetzung_Staat, Staat_Code)",PRK,Corea del Nord (Repubblica democratica),Korea Nord-  (Demokratische Republik),Corée du Nord (République démocratique),,,,,,,,,,,,,,,,,,,,,,,,,
"Staat (Erstinverkehrsetzung_Staat, Staat_Code)",PS,Palestina,Palästina,Palestine,,,,,,,,,,,,,,,,,,,,,,,,,
"Staat (Erstinverkehrsetzung_Staat, Staat_Code)",PY,Paraguay,Paraguay,Paraguay,,,,,,,,,,,,,,,,,,,,,,,,,
"Staat (Erstinverkehrsetzung_Staat, Staat_Code)",QA,Qatar,Katar,Qatar,,,,,,,,,,,,,,,,,,,,,,,,,
"Staat (Erstinverkehrsetzung_Staat, Staat_Code)",RA,Argentina,Argentinien,Argentine,,,,,,,,,,,,,,,,,,,,,,,,,
"Staat (Erstinverkehrsetzung_Staat, Staat_Code)",RB,Botswana,Botswana,Botswana,,,,,,,,,,,,,,,,,,,,,,,,,
"Staat (Erstinverkehrsetzung_Staat, Staat_Code)",RCA,Repubblica Centrafricana,Zentralafrikanische Republik,République Centrafricaine,,,,,,,,,,,,,,,,,,,,,,,,,
"Staat (Erstinverkehrsetzung_Staat, Staat_Code)",RCB,Congo (Repubblica),Kongo (Republik),Congo (République),,,,,,,,,,,,,,,,,,,,,,,,,
"Staat (Erstinverkehrsetzung_Staat, Staat_Code)",RCH,Cile,Chile,Chili,,,,,,,,,,,,,,,,,,,,,,,,,
"Staat (Erstinverkehrsetzung_Staat, Staat_Code)",RDC,Congo (Rep. democratica),Kongo (Demokratische Rep.),Congo (Rép. démocratique),,,,,,,,,,,,,,,,,,,,,,,,,
"Staat (Erstinverkehrsetzung_Staat, Staat_Code)",RG,Guinea,Guinea,Guinée,,,,,,,,,,,,,,,,,,,,,,,,,
"Staat (Erstinverkehrsetzung_Staat, Staat_Code)",RH,Haiti,Haiti,Haïti,,,,,,,,,,,,,,,,,,,,,,,,,
"Staat (Erstinverkehrsetzung_Staat, Staat_Code)",RI,Indonesia,Indonesien,Indonésie,,,,,,,,,,,,,,,,,,,,,,,,,
"Staat (Erstinverkehrsetzung_Staat, Staat_Code)",RIM,Mauritania,Mauretanien,Mauritanie,,,,,,,,,,,,,,,,,,,,,,,,,
"Staat (Erstinverkehrsetzung_Staat, Staat_Code)",RL,Libano,Libanon,Liban,,,,,,,,,,,,,,,,,,,,,,,,,
"Staat (Erstinverkehrsetzung_Staat, Staat_Code)",RM,Madagascar,Madagaskar,Madagascar,,,,,,,,,,,,,,,,,,,,,,,,,
"Staat (Erstinverkehrsetzung_Staat, Staat_Code)",RMM,Mali,Mali,Mali,,,,,,,,,,,,,,,,,,,,,,,,,
"Staat (Erstinverkehrsetzung_Staat, Staat_Code)",RN,Niger,Niger,Niger,,,,,,,,,,,,,,,,,,,,,,,,,
"Staat (Erstinverkehrsetzung_Staat, Staat_Code)",RO,Romania,Rumänien,Roumanie,,,,,,,,,,,,,,,,,,,,,,,,,
"Staat (Erstinverkehrsetzung_Staat, Staat_Code)",ROK,Corea del Sud,Korea Süd-,Corée du Sud,,,,,,,,,,,,,,,,,,,,,,,,,
"Staat (Erstinverkehrsetzung_Staat, Staat_Code)",ROU,Uruguay,Uruguay,Uruguay,,,,,,,,,,,,,,,,,,,,,,,,,
"Staat (Erstinverkehrsetzung_Staat, Staat_Code)",RP,Filippine,Philippinen,Philippines,,,,,,,,,,,,,,,,,,,,,,,,,
"Staat (Erstinverkehrsetzung_Staat, Staat_Code)",RSM,San Marino,San Marino,Saint-Marin,,,,,,,,,,,,,,,,,,,,,,,,,
"Staat (Erstinverkehrsetzung_Staat, Staat_Code)",RUS,Russia (Federazione di),Russische Föderation,Russie (Fédération de),,,,,,,,,,,,,,,,,,,,,,,,,
"Staat (Erstinverkehrsetzung_Staat, Staat_Code)",RWA,Ruanda,Ruanda,Rwanda,,,,,,,,,,,,,,,,,,,,,,,,,
"Staat (Erstinverkehrsetzung_Staat, Staat_Code)",S,Svezia,Schweden,Suède,,,,,,,,,,,,,,,,,,,,,,,,,
"Staat (Erstinverkehrsetzung_Staat, Staat_Code)",SA,Arabia Saudita,Saudi Arabien,Arabie Saoudite (KSA),,,,,,,,,,,,,,,,,,,,,,,,,
"Staat (Erstinverkehrsetzung_Staat, Staat_Code)",SB,Isole Salomone,Salomonen Inseln,Iles Salomon,,,,,,,,,,,,,,,,,,,,,,,,,
"Staat (Erstinverkehrsetzung_Staat, Staat_Code)",SCG,Serbia e Montenegro,Serbien und Montenegro,Serbie et Monténégro,,,,,,,,,,,,,,,,,,,,,,,,,
"Staat (Erstinverkehrsetzung_Staat, Staat_Code)",SCN,Sta. Kitts e Nevis,St. Kitts und Nevis,Saint-Christophe et Nièves,,,,,,,,,,,,,,,,,,,,,,,,,
"Staat (Erstinverkehrsetzung_Staat, Staat_Code)",SD,Swaziland,Swaziland,Swaziland,,,,,,,,,,,,,,,,,,,,,,,,,
"Staat (Erstinverkehrsetzung_Staat, Staat_Code)",SGP,Singapore,Singapur,Singapour,,,,,,,,,,,,,,,,,,,,,,,,,
"Staat (Erstinverkehrsetzung_Staat, Staat_Code)",SK,Repubblica Slovacchia,Slowakische Republik,République Slovaque,,,,,,,,,,,,,,,,,,,,,,,,,
"Staat (Erstinverkehrsetzung_Staat, Staat_Code)",SLO,Slovenia,Slowenien,Slovénie,,,,,,,,,,,,,,,,,,,,,,,,,
"Staat (Erstinverkehrsetzung_Staat, Staat_Code)",SME,Suriname,Suriname,Suriname,,,,,,,,,,,,,,,,,,,,,,,,,
"Staat (Erstinverkehrsetzung_Staat, Staat_Code)",SN,Senegal,Senegal,Sénégal,,,,,,,,,,,,,,,,,,,,,,,,,
"Staat (Erstinverkehrsetzung_Staat, Staat_Code)",SOM,Somalia,Somalia,Somalie,,,,,,,,,,,,,,,,,,,,,,,,,
"Staat (Erstinverkehrsetzung_Staat, Staat_Code)",SRB,Serbia,Serbien,Serbie,,,,,,,,,,,,,,,,,,,,,,,,,
"Staat (Erstinverkehrsetzung_Staat, Staat_Code)",SSD,Sud Sudan,Südsudan,Soudan du Sud,,,,,,,,,,,,,,,,,,,,,,,,,
"Staat (Erstinverkehrsetzung_Staat, Staat_Code)",ST,Sao Tome e Principe,Sao Tomé und Principe,Sao Tomé-et-Principe,,,,,,,,,,,,,,,,,,,,,,,,,
"Staat (Erstinverkehrsetzung_Staat, Staat_Code)",SUD,Sudan,Sudan,Soudan,,,,,,,,,,,,,,,,,,,,,,,,,
"Staat (Erstinverkehrsetzung_Staat, Staat_Code)",SY,Seychelles,Seychellen,Seychelles,,,,,,,,,,,,,,,,,,,,,,,,,
"Staat (Erstinverkehrsetzung_Staat, Staat_Code)",SYR,Siria,Syrien,Syrie,,,,,,,,,,,,,,,,,,,,,,,,,
"Staat (Erstinverkehrsetzung_Staat, Staat_Code)",T,Tailandia,Thailand,Thaïlande,,,,,,,,,,,,,,,,,,,,,,,,,
"Staat (Erstinverkehrsetzung_Staat, Staat_Code)",TCH,Ciad,Tschad,Tchad,,,,,,,,,,,,,,,,,,,,,,,,,
"Staat (Erstinverkehrsetzung_Staat, Staat_Code)",TG,Togo,Togo,Togo,,,,,,,,,,,,,,,,,,,,,,,,,
"Staat (Erstinverkehrsetzung_Staat, Staat_Code)",TJ,Tagikistan,Tadschikistan,Tadjikistan,,,,,,,,,,,,,,,,,,,,,,,,,
"Staat (Erstinverkehrsetzung_Staat, Staat_Code)",TL,Timor-Leste,Timor-Leste,Timor-Leste,,,,,,,,,,,,,,,,,,,,,,,,,
"Staat (Erstinverkehrsetzung_Staat, Staat_Code)",TM,Turkmenistan,Turkmenistan,Turkménistan,,,,,,,,,,,,,,,,,,,,,,,,,
"Staat (Erstinverkehrsetzung_Staat, Staat_Code)",TN,Tunisia,Tunesien,Tunisie,,,,,,,,,,,,,,,,,,,,,,,,,
"Staat (Erstinverkehrsetzung_Staat, Staat_Code)",TO,Tonga,Tonga (Code ISO 3126),Tonga,,,,,,,,,,,,,,,,,,,,,,,,,
"Staat (Erstinverkehrsetzung_Staat, Staat_Code)",TR,Turchia,Türkei,Turquie,,,,,,,,,,,,,,,,,,,,,,,,,
"Staat (Erstinverkehrsetzung_Staat, Staat_Code)",TT,Trinidad e Tobago,Trinidad und Tobago,Trinité et Tobago,,,,,,,,,,,,,,,,,,,,,,,,,
"Staat (Erstinverkehrsetzung_Staat, Staat_Code)",TV,Tuvalu,Tuvalu (Code ISO 3126),Tuvalu,,,,,,,,,,,,,,,,,,,,,,,,,
"Staat (Erstinverkehrsetzung_Staat, Staat_Code)",TWN,Taiwan (Cina),Taiwan (China) (Code ISO 3166),Taiwan (Chine),,,,,,,,,,,,,,,,,,,,,,,,,
"Staat (Erstinverkehrsetzung_Staat, Staat_Code)",UA,Ucraina,Ukraine,Ukraine,,,,,,,,,,,,,,,,,,,,,,,,,
"Staat (Erstinverkehrsetzung_Staat, Staat_Code)",UAE,Emirati Arabi Uniti,Vereinigte Arabische Emirate,Emirats Arabes Unis,,,,,,,,,,,,,,,,,,,,,,,,,
"Staat (Erstinverkehrsetzung_Staat, Staat_Code)",UK,Gran Bretagna,Grossbritannien,Grande-Bretagne,,,,,,,,,,,,,,,,,,,,,,,,,
"Staat (Erstinverkehrsetzung_Staat, Staat_Code)",UNK,Kosovo,Kosovo,Kosovo,,,,,,,,,,,,,,,,,,,,,,,,,
"Staat (Erstinverkehrsetzung_Staat, Staat_Code)",USA,Stati Uniti d'America,Vereinigte Staaten von Amerika,Etats-Unis d'Amérique,,,,,,,,,,,,,,,,,,,,,,,,,
"Staat (Erstinverkehrsetzung_Staat, Staat_Code)",UZ,Uzbekistan,Usbekistan,Ouzbékistan,,,,,,,,,,,,,,,,,,,,,,,,,
"Staat (Erstinverkehrsetzung_Staat, Staat_Code)",V,Vaticano,Vatikan,Vatican,,,,,,,,,,,,,,,,,,,,,,,,,
"Staat (Erstinverkehrsetzung_Staat, Staat_Code)",VN,Vietnam,Vietnam,Viet-Nâm,,,,,,,,,,,,,,,,,,,,,,,,,
"Staat (Erstinverkehrsetzung_Staat, Staat_Code)",VU,Vanuatu,Vanuatu,Vanuatu,,,,,,,,,,,,,,,,,,,,,,,,,
"Staat (Erstinverkehrsetzung_Staat, Staat_Code)",WAG,Gambia,Gambia,Gambie,,,,,,,,,,,,,,,,,,,,,,,,,
"Staat (Erstinverkehrsetzung_Staat, Staat_Code)",WAL,Sierra Leone,Sierra Leone,Sierra Leone,,,,,,,,,,,,,,,,,,,,,,,,,
"Staat (Erstinverkehrsetzung_Staat, Staat_Code)",WAN,Nigeria,Nigeria,Nigéria,,,,,,,,,,,,,,,,,,,,,,,,,
"Staat (Erstinverkehrsetzung_Staat, Staat_Code)",WD,Dominica,Dominica,Dominique,,,,,,,,,,,,,,,,,,,,,,,,,
"Staat (Erstinverkehrsetzung_Staat, Staat_Code)",WG,Grenada,Grenada,Grenade,,,,,,,,,,,,,,,,,,,,,,,,,
"Staat (Erstinverkehrsetzung_Staat, Staat_Code)",WL,Sta. Lucia,St. Lucia,Sainte-Lucie,,,,,,,,,,,,,,,,,,,,,,,,,
"Staat (Erstinverkehrsetzung_Staat, Staat_Code)",WS,Samoa,Samoa,Samoa,,,,,,,,,,,,,,,,,,,,,,,,,
"Staat (Erstinverkehrsetzung_Staat, Staat_Code)",WV,San Vincento e Grenadines,St. Vincent und Grenadines,Saint-Vincent et Grenadines,,,,,,,,,,,,,,,,,,,,,,,,,
"Staat (Erstinverkehrsetzung_Staat, Staat_Code)",XXX,Apolide,Staatenlos (Code ISO 3166),Apatride,,,,,,,,,,,,,,,,,,,,,,,,,
"Staat (Erstinverkehrsetzung_Staat, Staat_Code)",YMN,Yemen,Yemen (YE = Code ISO 3126),Yémen,,,,,,,,,,,,,,,,,,,,,,,,,
"Staat (Erstinverkehrsetzung_Staat, Staat_Code)",YV,Venezuela,Venezuela,Venezuela,,,,,,,,,,,,,,,,,,,,,,,,,
"Staat (Erstinverkehrsetzung_Staat, Staat_Code)",Z,Zambia,Zambia,Zambie,,,,,,,,,,,,,,,,,,,,,,,,,
"Staat (Erstinverkehrsetzung_Staat, Staat_Code)",ZA,Africa del Sud,Südafrika,Afrique du Sud,,,,,,,,,,,,,,,,,,,,,,,,,
"Staat (Erstinverkehrsetzung_Staat, Staat_Code)",ZW,Zimbabwe,Zimbabwe,Zimbabwe,,,,,,,,,,,,,,,,,,,,,,,,,
"Staat (Erstinverkehrsetzung_Staat, Staat_Code)",ZZZ,Unbekannt,Unbekannt,Unbekannt,,,,,,,,,,,,,,,,,,,,,,,,,
,,,,,,,,,,,,,,,,,,,,,,,,,,,,,
Fahrzeugart,001,Automobile,Personenwagen,Voiture de tourisme,Passenger car,,,,,,,,,,,,,,,,,,,,,,,,
Fahrzeugart,002,Automobile pesante,Schwerer Personenwagen,Voiture de tourisme lourde,Heavy passenger car,,,,,,,,,,,,,,,,,,,,,,,,
Fahrzeugart,010,Autoveicolo leggero,Leichter Motorwagen,Voiture automobile légère,Light motor car,,,,,,,,,,,,,,,,,,,,,,,,
Fahrzeugart,011,Autoveicolo pesante,Schwerer Motorwagen,Voiture automobile lourde,Heavy motor car,,,,,,,,,,,,,,,,,,,,,,,,
Fahrzeugart,020,Autobus,Gesellschaftswagen,Autocar,Company car,,,,,,,,,,,,,,,,,,,,,,,,
Fahrzeugart,021,Furgoncino,Kleinbus,Minibus,Minibus,,,,,,,,,,,,,,,,,,,,,,,,
Fahrzeugart,022,Autobus snodato,Gelenkbus,Bus à plate-forme pivotante,Articulated bus,,,,,,,,,,,,,,,,,,,,,,,,
Fahrzeugart,023,Filobus,Trolleybus,Trolleybus,Trolley bus,,,,,,,,,,,,,,,,,,,,,,,,
Fahrzeugart,024,Filobus snodato,Gelenktrolleybus,Trolleybus articule,Articulated trolley bus,,,,,,,,,,,,,,,,,,,,,,,,
Fahrzeugart,030,Autofurgone,Lieferwagen,Voiture de livraison,Delivery van,,,,,,,,,,,,,,,,,,,,,,,,
Fahrzeugart,035,Autocarro,Lastwagen,Camion,Truck,,,,,,,,,,,,,,,,,,,,,,,,
Fahrzeugart,036,Autoarticolato leggero,Leichtes Sattelmotorfahrzeug,Véhicule articulé léger,Light articulated vehicle,,,,,,,,,,,,,,,,,,,,,,,,
Fahrzeugart,037,Autoarticolato pesante,Schweres Sattelmotorfahrzeug,Véhicule articulé lourd,Heavy articulated vehicle,,,,,,,,,,,,,,,,,,,,,,,,
Fahrzeugart,038,Trattore a sella,Sattelschlepper,Tracteur à sellette,Articulated lorry,,,,,,,,,,,,,,,,,,,,,,,,
Fahrzeugart,042,Trattore,Traktor,Tracteur,Tractor,,,,,,,,,,,,,,,,,,,,,,,,
Fahrzeugart,043,Trattore agricolo,Landwirt. Traktor,Tracteur agricole,Farmer's car Tractor,,,,,,,,,,,,,,,,,,,,,,,,
Fahrzeugart,050,Macchina semovente,Arbeitsmaschine,Machine de travail,Working machine,,,,,,,,,,,,,,,,,,,,,,,,
Fahrzeugart,051,Carro di lavoro,Arbeitskarren,Chariot de travail,Work cart,,,,,,,,,,,,,,,,,,,,,,,,
Fahrzeugart,052,Carro di lavoro agricolo,Landw. Arbeitskarren,Chariot de travail agricole,Farm work cart,,,,,,,,,,,,,,,,,,,,,,,,
Fahrzeugart,060,Motoveicolo,Motorrad,Motocycle,Motorcycle,,,,,,,,,,,,,,,,,,,,,,,,
Fahrzeugart,061,Motoleggera,Kleinmotorrad,Motocycle léger,Small motorcycle,,,,,,,,,,,,,,,,,,,,,,,,
Fahrzeugart,062,Motoveicolo a tre ruote,Motorrad-Dreirad,Motocycle-tricar,Motorcycle tricycle,,,,,,,,,,,,,,,,,,,,,,,,
Fahrzeugart,063,Motoveicolo con carrozzino laterale,Motorrad-Seitenwagen,Motocycle-side-car,Motorcycle sidecar,,,,,,,,,,,,,,,,,,,,,,,,
Fahrzeugart,064,Motoleggera a tre ruote,Kleinmotorrad-Dreirad,Motocycle léger-tricar,Small motorcycle tricycle,,,,,,,,,,,,,,,,,,,,,,,,
Fahrzeugart,065,Quadriciclo leggero a motore,Leichtmotorfahrzeug,Quadricycle léger à moteur,Light motor vehicle,,,,,,,,,,,,,,,,,,,,,,,,
Fahrzeugart,066,Quadriciclo a motore,Kleinmotorfahrzeug,Quadricycle à moteur,Small motor vehicle,,,,,,,,,,,,,,,,,,,,,,,,
Fahrzeugart,067,Triciclo a motore,Dreirädr. Motorfahrzeug,Tricycle à moteur,Three-wheeled motor vehicle,,,,,,,,,,,,,,,,,,,,,,,,
Fahrzeugart,068,Slitta a motore,Motorschlitten,Luge à moteur,Snowmobile,,,,,,,,,,,,,,,,,,,,,,,,
Fahrzeugart,080,Carro con motore,Motorkarren,Chariot à moteur,Motorized cart,,,,,,,,,,,,,,,,,,,,,,,,
Fahrzeugart,081,Carro con motore agricolo,Landw. Motorkarren,Chariot à moteur agricole,Farm motorized cart,,,,,,,,,,,,,,,,,,,,,,,,
Fahrzeugart,082,Monoasse,Motoreinachser,Monoaxe,Motorized axle,,,,,,,,,,,,,,,,,,,,,,,,
Fahrzeugart,083,Monoasse agricolo,Landw. Motoreinachser,Monoaxe agricole,Farm motorized axle,,,,,,,,,,,,,,,,,,,,,,,,
Fahrzeugart,084,Veicolo agricolo combinato,Landw. Kombinations-Fahrzeug,Véhicule agricolo combiné,Farm combination vehicle,,,,,,,,,,,,,,,,,,,,,,,,
Fahrzeugart,085,Rimorchio agricolo,Landw. Anhänger,Remorque agricole,Farm trailer Motorcycle trailer Trailer,,,,,,,,,,,,,,,,,,,,,,,,
Fahrzeugart,086,Rimorchio motoveicolo,Motorradanhänger,Remorque motocycle,Motorcycle trailer,,,,,,,,,,,,,,,,,,,,,,,,
Fahrzeugart,087,Rimorchio di lavoro agricolo,Landw. Arbeitsanhänger,Remorque de travail agricole,Agricultural work trailer,,,,,,,,,,,,,,,,,,,,,,,,
Fahrzeugart,088,Semirimorchio abitabile,Sattel-Wohnanhänger,Semi-remorque caravane,Semitrailer-caravan,,,,,,,,,,,,,,,,,,,,,,,,
Fahrzeugart,089,Semirimorchio,Sattel-Anhänger,Semi-remorque,Semitrailer,,,,,,,,,,,,,,,,,,,,,,,,
Fahrzeugart,090,Rimorchio per il trasporto di chose,Sachentransportanhänger,Remorque transport de choses,Goods transport trailer,,,,,,,,,,,,,,,,,,,,,,,,
Fahrzeugart,091,Rimorchio per il trasporto di persone,Personentransportanhänger,Remorque transport de personnes,Passenger transport trailer,,,,,,,,,,,,,,,,,,,,,,,,
Fahrzeugart,092,Rimorchio abitabile,Wohnanhänger,Caravane,Caravan,,,,,,,,,,,,,,,,,,,,,,,,
Fahrzeugart,093,Rimorchio per il trasporto attrezzi sportivi,Sportgeräteanhänger,Remorque engins de sport,Sports equipment trailer,,,,,,,,,,,,,,,,,,,,,,,,
Fahrzeugart,094,Rimorchio di lavoro,Arbeitsanhänger,Remorque de travail,Work trailer,,,,,,,,,,,,,,,,,,,,,,,,
Fahrzeugart,095,Semirimorchio trasporto di cose,Sattel-Sachentransportanhänger,Semi-remorque transport de choses,Semitrailer-goods transport trailer,,,,,,,,,,,,,,,,,,,,,,,,
Fahrzeugart,096,Semirimorchio per il trasporto di persone,Sattel-Personentransportanhänger,Semi-remorque transport de personnes,Semitrailer-passenger transport trailer,,,,,,,,,,,,,,,,,,,,,,,,
Fahrzeugart,097,Semirimorchio trasporto di attrezzi sportivi,Sattel-Sportgeräteanhänger,Semi-remorque engins de sport,Semitrailer-sports equipment trailer,,,,,,,,,,,,,,,,,,,,,,,,
Fahrzeugart,098,semirimorchio di lavoro,Sattel-Arbeitsanhänger,semi-remorque de travail,Semitrailer-work trailer,,,,,,,,,,,,,,,,,,,,,,,,
Fahrzeugart,099,Rimorchio,Anhänger,Remorque,Trailer,,,,,,,,,,,,,,,,,,,,,,,,
,,,,,,,,,,,,,,,,,,,,,,,,,,,,,
Fahrzeugklasse,C1,Trattori a cingoli,Zugmaschinen auf Gleisketten,Tracteurs à chenilles,,,,,,,,,,,,,,,,,,,,,,,,,
Fahrzeugklasse,C1A,Trattori a cingoli,Zugmaschinen auf Gleisketten,Tracteurs à chenilles,,,,,,,,,,,,,,,,,,,,,,,,,
Fahrzeugklasse,C1B,Trattori a cingoli,Zugmaschinen auf Gleisketten,Tracteurs à chenilles,,,,,,,,,,,,,,,,,,,,,,,,,
Fahrzeugklasse,C2,Trattori a cingoli,Zugmaschinen auf Gleisketten,Tracteurs à chenilles,,,,,,,,,,,,,,,,,,,,,,,,,
Fahrzeugklasse,C2A,Trattori a cingoli,Zugmaschinen auf Gleisketten,Tracteurs à chenilles,,,,,,,,,,,,,,,,,,,,,,,,,
Fahrzeugklasse,C2B,Trattori a cingoli,Zugmaschinen auf Gleisketten,Tracteurs à chenilles,,,,,,,,,,,,,,,,,,,,,,,,,
Fahrzeugklasse,C3,Trattori a cingoli con massa a vuoto in ordine di marcia non superiore a 600 kg,Zugmaschinen auf Gleisketten mit einer Leermasse im fahrbereiten Zustand bis 600 kg,Tracteurs à chenilles dont la masse à vide en ordre de marche est inférieure ou égale à 600 kg,,,,,,,,,,,,,,,,,,,,,,,,,
Fahrzeugklasse,C3A,Trattori a cingoli con massa a vuoto in ordine di marcia non superiore a 600 kg,Zugmaschinen auf Gleisketten mit einer Leermasse im fahrbereiten Zustand bis 600 kg,Tracteurs à chenilles dont la masse à vide en ordre de marche est inférieure ou égale à 600 kg,,,,,,,,,,,,,,,,,,,,,,,,,
Fahrzeugklasse,C3B,Trattori a cingoli con massa a vuoto in ordine di marcia non superiore a 600 kg,Zugmaschinen auf Gleisketten mit einer Leermasse im fahrbereiten Zustand bis 600 kg,Tracteurs à chenilles dont la masse à vide en ordre de marche est inférieure ou égale à 600 kg,,,,,,,,,,,,,,,,,,,,,,,,,
Fahrzeugklasse,C4,Trattori a cingoli per uso speciale,Zugmaschinen auf Gleisketten mit besonderer Zweckbestimmung,Tracteurs à chenilles à usage spécial,,,,,,,,,,,,,,,,,,,,,,,,,
Fahrzeugklasse,C5,Trattori a cingoli per uso speciale,Zugmaschinen auf Gleisketten mit besonderer Zweckbestimmung,Tracteurs à chenilles à usage spécial,,,,,,,,,,,,,,,,,,,,,,,,,
Fahrzeugklasse,L1,Motoleggera a due ruote,Zweirädrige Kleinmotorräder,Motocycles légers à deux roues,,,,,,,,,,,,,,,,,,,,,,,,,
Fahrzeugklasse,L1e,Motoleggera,Kleinmotorrad,Motocycle léger,,,,,,,,,,,,,,,,,,,,,,,,,
Fahrzeugklasse,L2,Motoleggere a tre ruote,Dreirädrige Kleinmotorräder,Motocycles légers à trois roues,,,,,,,,,,,,,,,,,,,,,,,,,
Fahrzeugklasse,L2e,Motoleggera a tre ruote,Dreirädriges Kleinmotorrad,Motocycles légers à quatre roues Kleinmotorrad,,,,,,,,,,,,,,,,,,,,,,,,,
Fahrzeugklasse,L3,Motoveicoli,Motorräder,Motocycles,,,,,,,,,,,,,,,,,,,,,,,,,
Fahrzeugklasse,L3e,Motoveicolo,Motorrad,Motocycle,,,,,,,,,,,,,,,,,,,,,,,,,
Fahrzeugklasse,L4,Motoveicoli con carrozzino laterale,Motorräder mit Seitenwagen,Motocycles avec side-car,,,,,,,,,,,,,,,,,,,,,,,,,
Fahrzeugklasse,L4e,Motoveicolo con carrozzino laterale,Motorrad mit Seitenwagen,Motocycle avec side-car,,,,,,,,,,,,,,,,,,,,,,,,,
Fahrzeugklasse,L5,Tricicli a motore,Dreirädrige Motorfahrzeuge,Tricycles à moteur,,,,,,,,,,,,,,,,,,,,,,,,,
Fahrzeugklasse,L5e,Triciclo a motore,Dreirädriges Motorfahrzeug,Tricycle à moteur,,,,,,,,,,,,,,,,,,,,,,,,,
Fahrzeugklasse,L6,Quadricicli leggeri a motore,Vierrädrige Leichtmotorfahrzeuge,Quadricycles légers à moteur à quatre roues,,,,,,,,,,,,,,,,,,,,,,,,,
Fahrzeugklasse,L6e,Quadriciclo leggero a motore,Leichtmotorfahrzeug,Quadricycle léger à moteur,,,,,,,,,,,,,,,,,,,,,,,,,
Fahrzeugklasse,L7,Quadricicli a motore,Vierrädrige Motorfahrzeuge,Quadricycle à moteur,,,,,,,,,,,,,,,,,,,,,,,,,
Fahrzeugklasse,L7e,Quadriciclo a motore,Kleinmotorfahrzeug,Quadricycle à moteur,,,,,,,,,,,,,,,,,,,,,,,,,
Fahrzeugklasse,M1,Veicoli a motore per il trasporto di persone,Motorfahrzeuge Personentransport,Voitures automobiles de transport de personnes,,,,,,,,,,,,,,,,,,,,,,,,,
Fahrzeugklasse,M2,Veicoli a motore per il trasporto di persone,Motorfahrzeuge Personentransport,Voitures automobiles de transport de personnes,,,,,,,,,,,,,,,,,,,,,,,,,
Fahrzeugklasse,M3,Veicoli a motore per il trasporto di persone,Motorfahrzeuge Personentransport,Voitures automobiles de transport de personnes,,,,,,,,,,,,,,,,,,,,,,,,,
Fahrzeugklasse,N1,Veicoli a motore per il trasporto di cose,Motorfahrzeuge Sachentransport,Voitures automobiles de transport de choses,,,,,,,,,,,,,,,,,,,,,,,,,
Fahrzeugklasse,N2,Veicoli a motore per il trasporto di cose,Motorfahrzeuge Sachentransport,Voitures automobiles de transport de choses,,,,,,,,,,,,,,,,,,,,,,,,,
Fahrzeugklasse,N3,Veicoli a motore per il trasporto di cose,Motorfahrzeuge Sachentransport,Voitures automobiles de transport de choses,,,,,,,,,,,,,,,,,,,,,,,,,
Fahrzeugklasse,O1,"Rimorchi normali, semirimorchi e rimorchi ad asse centrale","Normal-, Sattel-, und Zentralanhänger","Remorques normales, semi-remorques et remorques centrales",,,,,,,,,,,,,,,,,,,,,,,,,
Fahrzeugklasse,O2,"Rimorchi normali, semirimorchi e rimorchi ad asse centrale","Normal-, Sattel-, und Zentralanhänger","Remorques normales, semi-remorques et remorques centrales",,,,,,,,,,,,,,,,,,,,,,,,,
Fahrzeugklasse,O3,"Rimorchi normali, semirimorchi e rimorchi ad asse centrale","Normal-, Sattel-, und Zentralanhänger","Remorques normales, semi-remorques et remorques centrales",,,,,,,,,,,,,,,,,,,,,,,,,
Fahrzeugklasse,O4,"Rimorchi normali, semirimorchi e rimorchi ad asse centrale","Normal-, Sattel-, und Zentralanhänger","Remorques normales, semi-remorques et remorques centrales",,,,,,,,,,,,,,,,,,,,,,,,,
Fahrzeugklasse,R1a,"Rimorchi di trasporto secondo il regolamento UE per uso agricolo e forestale; peso garantito = 1,5 t; Vmax. = 40 km/h",Transportanhänger nach Verordnung EU für den Einsatz in der Land- und Forstwirtschaft; Garantiegewicht = 1.5 t; Vmax. = 40 km/h,"Remorques de transport selon Règlement UE sur l'emploi dans l'agriculture et la sylviculture; poids garanti = 1,5 t; Vmax. = 40 km/h",,,,,,,,,,,,,,,,,,,,,,,,,
Fahrzeugklasse,R1b,"Rimorchi di trasporto secondo il regolamento UE per uso agricolo e forestale; peso garantito = 1,5 t; Vmax. > 40 km/h",Transportanhänger nach Verordnung EU für den Einsatz in der Land- und Forstwirtschaft; Garantiegewicht = 1.5 t; Vmax. > 40 km/h,"Remorques de transport selon Règlement UE sur l'emploi dans l'agriculture et la sylviculture; poids garanti = 1,5 t; Vmax. > 40 km/h",,,,,,,,,,,,,,,,,,,,,,,,,
Fahrzeugklasse,R2a,"Rimorchi di trasporto secondo il regolamento UE per uso agricolo e forestale; peso garantito > 1,5 t e = 3,5 t; Vmax. = 40 km/h",Transportanhänger nach Verordnung EU für den Einsatz in der Land- und Forstwirtschaft; Garantiegewicht > 1.5 t und = 3.5 t; Vmax. = 40 km/h,"Remorques de transport selon Règlement UE sur l'emploi dans l'agriculture et la sylviculture; poids garanti > 1,5 t et = 3,5 t; Vmax. = 40 km/h",,,,,,,,,,,,,,,,,,,,,,,,,
Fahrzeugklasse,R2b,"Rimorchi di trasporto secondo il regolamento UE per uso agricolo e forestale; peso garantito > 1,5 t e = 3,5 t; Vmax. > 40 km/h",Transportanhänger nach Verordnung EU für den Einsatz in der Land- und Forstwirtschaft; Garantiegewicht > 1.5 t und = 3.5 t; Vmax. > 40 km/h,Remorques de transport selon Règlement UE sur l'emploi dans l'agriculture et la sylviculture; poids garanti > 1.5 t et = 3.5 t; Vmax. > 40 km/h,,,,,,,,,,,,,,,,,,,,,,,,,
Fahrzeugklasse,R3a,"Rimorchi di trasporto secondo il regolamento UE per uso agricolo e forestale; peso garantito > 3,5 t e = 21,0 t; Vmax. = 40 km/h",Transportanhänger nach Verordnung EU für den Einsatz in der Land- und Forstwirtschaft; Garantiegewicht > 3.5 t und = 21.0 t; Vmax. = 40 km/h,"Remorques de transport selon Règlement UE sur l'emploi dans l'agriculture et la sylviculture; poids garanti > 3,5 t et = 21,0 t; Vmax. = 40 km/h",,,,,,,,,,,,,,,,,,,,,,,,,
Fahrzeugklasse,R3b,"Rimorchi di trasporto secondo il regolamento UE per uso agricolo e forestale; peso garantito > 3,5 t e = 21,0 t; Vmax. > 40 km/h",Transportanhänger nach Verordnung EU für den Einsatz in der Land- und Forstwirtschaft; Garantiegewicht > 3.5 t und = 21.0 t; Vmax. > 40 km/h,"Remorques de transport selon Règlement UE sur l'emploi dans l'agriculture et la sylviculture; poids garanti > 3,5 t et = 21,0 t; Vmax. > 40 km/h",,,,,,,,,,,,,,,,,,,,,,,,,
Fahrzeugklasse,R4a,"Rimorchi di trasporto secondo il regolamento UE per uso agricolo e forestale; peso garantito > 21,0 t; Vmax. = 40 km/h",Transportanhänger nach Verordnung EU für den Einsatz in der Land- und Forstwirtschaft; Garantiegewicht > 21.0 t; Vmax. = 40 km/h,"Remorques de transport selon Règlement UE sur l'emploi dans l'agriculture et la sylviculture; poids garanti > 21,0 t; Vmax. = 40 km/h",,,,,,,,,,,,,,,,,,,,,,,,,
Fahrzeugklasse,R4b,"Rimorchi di trasporto secondo il regolamento UE per uso agricolo e forestale; peso garantito > 21,0 t; Vmax. > 40 km/h",Transportanhänger nach Verordnung EU für den Einsatz in der Land- und Forstwirtschaft; Garantiegewicht > 21.0 t; Vmax. > 40 km/h,"Remorques de transport selon Règlement UE sur l'emploi dans l'agriculture et la sylviculture; poids garanti > 21,0 t; Vmax. > 40 km/h",,,,,,,,,,,,,,,,,,,,,,,,,
Fahrzeugklasse,S1a,"Rimorchi di lavoro secondo il regolamento UE per uso agricolo e forestale; peso garantito = 3,5 t; Vmax. = 40 km/h",Arbeitsanhänger nach der Verordnung EU für den Einsatz in der Land- und Forstwirtschaft ; Garantiegewicht = 3.5 t; Vmax. = 40 km/h,"Remorques de travail selon Règlement UE sur l'emploi dans l'agriculture et la sylviculture; poids garanti = 3,5 t; Vmax. = 40 km/h",,,,,,,,,,,,,,,,,,,,,,,,,
Fahrzeugklasse,S1b,"Rimorchi di lavoro secondo il regolamento UE per uso agricolo e forestale; peso garantito = 3,5 t; Vmax. > 40 km/h",Arbeitsanhänger nach der Verordnung EU für den Einsatz in der Land- und Forstwirtschaft ; Garantiegewicht = 3.5 t; Vmax. > 40 km/h,"Remorques de travail selon Règlement UE sur l'emploi dans l'agriculture et la sylviculture; poids garanti = 3,5 t; Vmax. > 40 km/h",,,,,,,,,,,,,,,,,,,,,,,,,
Fahrzeugklasse,S2a,"Rimorchi di lavoro secondo il regolamento UE per uso agricolo e forestale; peso garantito > 3,5 t; Vmax. = 40 km/h",Arbeitsanhänger nach der Verordnung EU für den Einsatz in der Land- und Forstwirtschaft; Garantiegewicht > 3.5 t; Vmax. = 40 km/h,"Remorques de travail selon Règlement UE sur l'emploi dans l'agriculture et la sylviculture; poids garanti > 3,5 t; Vmax. = 40 km/h",,,,,,,,,,,,,,,,,,,,,,,,,
Fahrzeugklasse,S2b,"Rimorchi di lavoro secondo il regolamento UE per uso agricolo e forestale; peso garantito > 3,5 t; Vmax. > 40 km/h",Arbeitsanhänger nach der Verordnung EU für den Einsatz in der Land- und Forstwirtschaft; Garantiegewicht > 3.5 t; Vmax. > 40 km/h,"Remorques de travail selon Règlement UE sur l'emploi dans l'agriculture et la sylviculture; poids garanti > 3,5 t; Vmax. > 40 km/h",,,,,,,,,,,,,,,,,,,,,,,,,
Fahrzeugklasse,T1,Veicoli trattori agricoli,Landwirtschaftliche Zugfahrzeuge,Véhicules tracteurs agricoles,,,,,,,,,,,,,,,,,,,,,,,,,
Fahrzeugklasse,T2,Veicoli trattori agricoli,Landwirtschaftliche Zugfahrzeuge,Véhicules tracteurs agricoles,,,,,,,,,,,,,,,,,,,,,,,,,
Fahrzeugklasse,T3,"Veicoli trattori agricoli, Vmax. <= 40 km/h peso a vuoto < 600kg","Landw.Zugfahrzeuge, Vmax.<=40km/h LEGE<600kg","Véhicules tracteurs agricoles, Vmax.<=40km/h LEGE<600kg",,,,,,,,,,,,,,,,,,,,,,,,,
Fahrzeugklasse,T4,Veicoli trattori agricoli (Vmax. <= 40 km/h),Landw. Zugfahrzeuge (Vmax.<=40km/h),Véhicules tracteurs agricoles (Vmax.<=40km/h),,,,,,,,,,,,,,,,,,,,,,,,,
Fahrzeugklasse,T5,Veicoli trattori agricoli (Vmax. > 40 km/h),"Landw. Zugfahrzeuge (Vmax,> 40km/h)","Véhicules tracteurs agricoles (Vmax,> 40km/h), F",,,,,,,,,,,,,,,,,,,,,,,,,
,,,,,,,,,,,,,,,,,,,,,,,,,,,,,
Farbe,01,Beige,Beige,Beige,,,,,,,,,,,,,,,,,,,,,,,,,
Farbe,02,Marrone,Braun,Brun,,,,,,,,,,,,,,,,,,,,,,,,,
Farbe,03,Giallo,Gelb,Jaune,,,,,,,,,,,,,,,,,,,,,,,,,
Farbe,04,Grigio,Grau,Gris,,,,,,,,,,,,,,,,,,,,,,,,,
Farbe,05,Verde,Grün,Vert,,,,,,,,,,,,,,,,,,,,,,,,,
Farbe,06,Rosso,Rot,Rouge,,,,,,,,,,,,,,,,,,,,,,,,,
Farbe,07,Violetto,Violett,Violet,,,,,,,,,,,,,,,,,,,,,,,,,
Farbe,08,Blu,Blau,Bleu,,,,,,,,,,,,,,,,,,,,,,,,,
Farbe,09,Arancione,Orange,Orange,,,,,,,,,,,,,,,,,,,,,,,,,
Farbe,10,Bianco,Weiss,Blanc,,,,,,,,,,,,,,,,,,,,,,,,,
Farbe,11,Nero,Schwarz,Noir,,,,,,,,,,,,,,,,,,,,,,,,,
Farbe,12,Multicolore,Bunt,Multicolore,,,,,,,,,,,,,,,,,,,,,,,,,
Farbe,13,Vernice a effetti,Effektlack,Effet spécial,,,,,,,,,,,,,,,,,,,,,,,,,
Farbe,14,Grigio mimetico (solo per veicoli militari),Feldgrau (Nur für Militärfahrzeuge),Gris verdâtre (seulement vhc. militaires),,,,,,,,,,,,,,,,,,,,,,,,,
Farbe,15,Chiazze mimetiche (solo veicoli militari),Fleckentarnung ( Nur für Militärfahrzeuge),Camouflage en forme de taches (vhc militaire,,,,,,,,,,,,,,,,,,,,,,,,,
Farbe,99,Ignoto,Unbekannt,inconnu,,,,,,,,,,,,,,,,,,,,,,,,,
,,,,,,,,,,,,,,,,,,,,,,,,,,,,,
Farbe_Zusatz,1,Metallizzato,Metallic,Métallique,,,,,,,,,,,,,,,,,,,,,,,,,
,,,,,,,,,,,,,,,,,,,,,,,,,,,,,
Gebrauchtcode,A,Veicolo importato usato con prima immatricolazione all’estero nota,gebraucht importiertes Fahrzeug mit bekannter Erstinverkehrsetzung im Ausland,Véhicule d'occasion importé avec,Imported used vehicle with first foreign registration known,,,,,,,,,,,,,,,,,,,,,,,,
Gebrauchtcode,G,"Prima immatricolazione in Svizzera, veicolo usato con >70 ore di servizio o >2000 km o data di prima immatricolazione all’estero non identificabile","Erstinverkehrsetzung in der Schweiz, gebrauchtes Fahrzeug mit >70 Betriebsstunden oder >2000 km oder Datum der Erstinverkehrsetzung im Ausland nicht ermittelbar.","Première mise en circulation en Suisse,","First registration in Switzerland, used vehicle with >70 hours of service or >2000 km or date of first registration abroad unidentifiable",,,,,,,,,,,,,,,,,,,,,,,,
,,"Prima immatricolazione in Svizzera o nel Principato del Liechtenstein, il veicolo è come nuovo (i valori non registrati vengono visualizzati come vuoti)","Erstinverkehrsetzung in der Schweiz oder Fürstentum Liechtenstein, Fahrzeug ist neuwertig (nicht erfasste Werte werden ebenfalls als leer dargestellt)",Première mise en circulation en Suisse,"First registration in Switzerland or Principality of Liechtenstein, vehicle is as new (values not recorded are displayed as blank)",,,,,,,,,,,,,,,,,,,,,,,,
,,,,,,,,,,,,,,,,,,,,,,,,,,,,,
Getriebe,A,Automatico,Automat,Automatique,,,,,,,,,,,,,,,,,,,,,,,,,
Getriebe,H,Idrostatico,Hydrostat,Hydrostatique,,,,,,,,,,,,,,,,,,,,,,,,,
Getriebe,M,Meccanico,Mechanisch,Mécanique,,,,,,,,,,,,,,,,,,,,,,,,,
Getriebe,S,Continuo,Stufenlos,Progressif,,,,,,,,,,,,,,,,,,,,,,,,,
,,,,,,,,,,,,,,,,,,,,,,,,,,,,,
Halterart,1,Maschile,Männlich,Masculin,,,,,,,,,,,,,,,,,,,,,,,,,
Halterart,2,Femminile,Weiblich,Féminin,,,,,,,,,,,,,,,,,,,,,,,,,
Halterart,3,Persona giuridica,Juristisch,Juridique,,,,,,,,,,,,,,,,,,,,,,,,,
Halterart,4,Ignoto,Unbekannt,Inconnu,,,,,,,,,,,,,,,,,,,,,,,,,
,,,,,,,,,,,,,,,,,,,,,,,,,,,,,
Hybridcode,leer,Veicoli non ibridi,nicht-hybrid Fahrzeuge,Véhicules non hybrides,,,,,,,,,,,,,,,,,,,,,,,,,
Hybridcode,N/A,Veicoli senza eCoC,Fahrzeuge ohne eCOC,Véhicules sans eCOC,,,,,,,,,,,,,,,,,,,,,,,,,
Hybridcode,NOVC-FCHV,Cella a combustibile non plug-in,Non-Plug-In-Brennstoffzelle,Pile à combustible non plug-in,,,,,,,,,,,,,,,,,,,,,,,,,
Hybridcode,NOVC-HEV,Ibrido non plug-in,Non-Plug-In-Hybrid,Hybride non plug-in,,,,,,,,,,,,,,,,,,,,,,,,,
Hybridcode,OVC-FCHV,Cella a combustibile plug-in,In-Brennstoffzelle,Pile à combustible plug-in,,,,,,,,,,,,,,,,,,,,,,,,,
Hybridcode,OVC-HEV,Ibrido plug-in,Plug-In-Hybrid,Hybride plug-in,,,,,,,,,,,,,,,,,,,,,,,,,
,,,,,,,,,,,,,,,,,,,,,,,,,,,,,
Karosserieform,000,---,---,---,,,,,,,,,,,,,,,,,,,,,,,,,
Karosserieform,100,Veicolo di soccorso,Abschleppwagen,Véhicule remorquage,,,,,,,,,,,,,,,,,,,,,,,,,
Karosserieform,101,Ambulanza,Ambulanz,Ambulance,,,,,,,,,,,,,,,,,,,,,,,,,
Karosserieform,102,Veicolo a soprastruttura scarrabile catena,Wechselabrollaufbau Kette,Agrégat superstruct. interchangeable chaîne,,,,,,,,,,,,,,,,,,,,,,,,,
Karosserieform,103,Caldaia per asfalto,Asphaltkocher,Chaudière pour asphalte,,,,,,,,,,,,,,,,,,,,,,,,,
Karosserieform,104,Miscelatore d'asfalto,Asphaltmischer,Mélangeur d'asphalte,,,,,,,,,,,,,,,,,,,,,,,,,
Karosserieform,105,Montacarichi,Aufzug,Elévateur,,,,,,,,,,,,,,,,,,,,,,,,,
Karosserieform,106,Veicolo esposizione,Ausstellungsfahrzeug,Véhicule d'exposition,,,,,,,,,,,,,,,,,,,,,,,,,
Karosserieform,107,Veicolo da cantiere,Baustellenanhänger,Roulotte de chantier,,,,,,,,,,,,,,,,,,,,,,,,,
Karosserieform,108,Ponte,Brücke,Pont,,,,,,,,,,,,,,,,,,,,,,,,,
Karosserieform,109,Betoniera,Betonmischer,Bétonnière/Mélangeur de béton,,,,,,,,,,,,,,,,,,,,,,,,,
Karosserieform,110,Pompa calcestruzzo,Betonpumpe,Pompe à béton,,,,,,,,,,,,,,,,,,,,,,,,,
Karosserieform,111,Trasbordo di calcestruzzo,Betonumschlaggerät,Transbordeur de béton,,,,,,,,,,,,,,,,,,,,,,,,,
Karosserieform,112,Fresa-terreno,Bodenfräse,Fraiseuse pour le terrain,,,,,,,,,,,,,,,,,,,,,,,,,
Karosserieform,114,Alambicco,Brennerei,Distilleuse,,,,,,,,,,,,,,,,,,,,,,,,,
Karosserieform,115,Torpedone,Car,Autocar,,,,,,,,,,,,,,,,,,,,,,,,,
Karosserieform,116,Cisterna per alimentari,Tank für Lebensmittel,Citerne pour produits alimentaires,,,,,,,,,,,,,,,,,,,,,,,,,
Karosserieform,117,Trasporto di contenitori,Containertransport,Porte-conteneur,,,,,,,,,,,,,,,,,,,,,,,,,
Karosserieform,118,Scala girevole,Drehleiter,Echelle tournante,,,,,,,,,,,,,,,,,,,,,,,,,
Karosserieform,119,Silo per alimentari,Silo für Lebensmittel,Silo pour produits alimentaires,,,,,,,,,,,,,,,,,,,,,,,,,
Karosserieform,120,Spandiconcime,Düngerstreuer,Semoir à engrais,,,,,,,,,,,,,,,,,,,,,,,,,
Karosserieform,121,Rimorchio monoruota,Einradanhänger,Remorque à une roue,,,,,,,,,,,,,,,,,,,,,,,,,
Karosserieform,122,Trasporto di bottiglie gas,Gasflaschentransport,Transport de bouteilles de gaz,,,,,,,,,,,,,,,,,,,,,,,,,
Karosserieform,123,Trasporto d'elementi,Elementtransport,Transport d'éléments,,,,,,,,,,,,,,,,,,,,,,,,,
Karosserieform,124,Perforatrice,Bohrgerät,Foreuse,,,,,,,,,,,,,,,,,,,,,,,,,
Karosserieform,125,Costipatore,Verdichter,Compacteur,,,,,,,,,,,,,,,,,,,,,,,,,
Karosserieform,126,Betoniera semovente,Fahrmischer,Malaxeur,,,,,,,,,,,,,,,,,,,,,,,,,
Karosserieform,127,Trasporto di veicoli,Fahrzeugtransport,Transport de véhicules,,,,,,,,,,,,,,,,,,,,,,,,,
Karosserieform,128,Trinciaforaggi,Feldhäcksler,Hâcheuse de fourrage,,,,,,,,,,,,,,,,,,,,,,,,,
Karosserieform,129,Cassone per impalmatori,Klauenschneidestand,Stand de travail pour animaux,,,,,,,,,,,,,,,,,,,,,,,,,
Karosserieform,130,Trasporto di bottiglie,Flaschentransport,Transport de bouteilles,,,,,,,,,,,,,,,,,,,,,,,,,
Karosserieform,132,Nastro trasportatore,Förderband,Tapis roulant,,,,,,,,,,,,,,,,,,,,,,,,,
Karosserieform,133,Carrello elevatore,Gabelstapler,Elévateur à fourche,,,,,,,,,,,,,,,,,,,,,,,,,
Karosserieform,134,Soffiante per merci alla rinfusa,Gebläse für Schüttgut,Soufflerie à grain,,,,,,,,,,,,,,,,,,,,,,,,,
Karosserieform,135,Spazzarotaie,Geleisereiniger,Machine à nettoyer les voies,,,,,,,,,,,,,,,,,,,,,,,,,
Karosserieform,136,Elevatore navicella,Gelenksteiger,Elévateur à nacelle,,,,,,,,,,,,,,,,,,,,,,,,,
Karosserieform,137,Telaio per macchina da compostaggio,Gestell für Kompostumsetzmaschine,Châssis pour machine de compostage,,,,,,,,,,,,,,,,,,,,,,,,,
Karosserieform,138,Trasporto lastre di vetro,Glasscheibentransport,Transport de vitres,,,,,,,,,,,,,,,,,,,,,,,,,
Karosserieform,139,Cassone frigorifero piattaforma elevatrice,Kühlkasten mit Hebebühne,Fourgon frigorifique plate-forme élévatrice,,,,,,,,,,,,,,,,,,,,,,,,,
Karosserieform,140,Livellatrice,Planiermaschine,Aplanisseuse,,,,,,,,,,,,,,,,,,,,,,,,,
Karosserieform,141,Lavorazione del legno,Holzbearbeitung,Machine à travailler le bois,,,,,,,,,,,,,,,,,,,,,,,,,
Karosserieform,142,Pulitrice alta pressione,Hochdruckreiniger,Nettoyeur à haute pression,,,,,,,,,,,,,,,,,,,,,,,,,
Karosserieform,143,Trasporto di cani,Hundetransport,Transport de chiens,,,,,,,,,,,,,,,,,,,,,,,,,
Karosserieform,144,Cass. climatizzato piattaforma elevatrice,Klimatisierter Kasten mit Hebebühne,Furgon climatisé avec plate-form élévatrice,,,,,,,,,,,,,,,,,,,,,,,,,
Karosserieform,145,Trasporto di cavi,Kabeltransport,Transport de câbles,,,,,,,,,,,,,,,,,,,,,,,,,
Karosserieform,147,Cassone,Kasten,Fourgon,,,,,,,,,,,,,,,,,,,,,,,,,
Karosserieform,148,Cassone blindato,Kasten gepanzert,Fourgon blindé,,,,,,,,,,,,,,,,,,,,,,,,,
Karosserieform,149,Cassone per impalmatori,Kasten für Kabelspleisser,Fourgon pour épisser,,,,,,,,,,,,,,,,,,,,,,,,,
Karosserieform,150,Cassone per rifiuti,Kehrichtabfuhr,Fourgon à ordures,,,,,,,,,,,,,,,,,,,,,,,,,
Karosserieform,151,Ponte ribaltabile,Kippbrücke,Pont basculant,,,,,,,,,,,,,,,,,,,,,,,,,
Karosserieform,152,Benna ribaltabile,Kippmulde,Benne basculante,,,,,,,,,,,,,,,,,,,,,,,,,
Karosserieform,153,Cassone ribaltabile,Kippkasten,Fourgon basculant,,,,,,,,,,,,,,,,,,,,,,,,,
Karosserieform,154,Clinica,Klinik,Clinique,,,,,,,,,,,,,,,,,,,,,,,,,
Karosserieform,155,Compressore,Kompressor,Compresseur,,,,,,,,,,,,,,,,,,,,,,,,,
Karosserieform,156,Gru,Kran,Grue,,,,,,,,,,,,,,,,,,,,,,,,,
Karosserieform,157,Cassone frigorifero,Kühlkasten,Fourgon frigorifique,,,,,,,,,,,,,,,,,,,,,,,,,
Karosserieform,158,Palla caricatrice,Ladeschaufel,Pelle chargeuse,,,,,,,,,,,,,,,,,,,,,,,,,
Karosserieform,159,Legname lungo,Langholz,Longs bois,,,,,,,,,,,,,,,,,,,,,,,,,
Karosserieform,160,Materiale lungo,Langmaterial,Ranchet pour longs matériaux,,,,,,,,,,,,,,,,,,,,,,,,,
Karosserieform,161,Caravan,Stationswagen,Break,,,,,,,,,,,,,,,,,,,,,,,,,
Karosserieform,162,Carro funebre,Leichenwagen,Corbillard,,,,,,,,,,,,,,,,,,,,,,,,,
Karosserieform,163,Berlina,Limousine,Limousine,,,,,,,,,,,,,,,,,,,,,,,,,
Karosserieform,164,Mietitrebbiatrice,Mähdrescher,Moissonneuse-batteuse,,,,,,,,,,,,,,,,,,,,,,,,,
Karosserieform,165,Trasporto di equipaggi,Mannschaftswagen,Transport d'équipes,,,,,,,,,,,,,,,,,,,,,,,,,
Karosserieform,166,Veicolo per demarcazione stradale,Markiermaschine,Machine pour le marquage des chaussées,,,,,,,,,,,,,,,,,,,,,,,,,
Karosserieform,167,Veicolo di misura,Messwagen,Véhicule de mesure,,,,,,,,,,,,,,,,,,,,,,,,,
Karosserieform,168,Elevatore telescopico,Teleskopstapler,Elévateur télescopique,,,,,,,,,,,,,,,,,,,,,,,,,
Karosserieform,169,Motopompa,Motorpumpe,Pompe à moteur,,,,,,,,,,,,,,,,,,,,,,,,,
Karosserieform,171,Motoirroratrice,Motorspritze,Motopompe,,,,,,,,,,,,,,,,,,,,,,,,,
Karosserieform,172,Aperto con telone,Offen mit Blache,Ouvert avec bâche,,,,,,,,,,,,,,,,,,,,,,,,,
Karosserieform,173,Gruppo elettrogeno,Notstromgruppe,Groupe électrogène,,,,,,,,,,,,,,,,,,,,,,,,,
Karosserieform,174,Ponte ribaltabile con gru di carico,Kippbrücke mit Ladekran,Pont basculant avec grue de chargement,,,,,,,,,,,,,,,,,,,,,,,,,
Karosserieform,175,Aperto,Offen,Ouvert,,,,,,,,,,,,,,,,,,,,,,,,,
Karosserieform,176,Aperto con cappotta / hardtop,Offen mit Verdeck / Hardtop,Ouvert avec capote / hardtop,,,,,,,,,,,,,,,,,,,,,,,,,
Karosserieform,177,Trasporto di cavalli,Pferdetransport,Transport de chevaux,,,,,,,,,,,,,,,,,,,,,,,,,
Karosserieform,178,Piantatrice,Pflanzmaschine,Machine à planter,,,,,,,,,,,,,,,,,,,,,,,,,
Karosserieform,179,Gru gommata,Pneukran,Grue sur Pneumatiques,,,,,,,,,,,,,,,,,,,,,,,,,
Karosserieform,181,Veicolo di servizio cronaca,Reportagefahrzeug,Véhicule de reportage,,,,,,,,,,,,,,,,,,,,,,,,,
Karosserieform,182,Serbatoio aspirante e di mandata,Saug- und Druckfass,Citerne aspiration / pression,,,,,,,,,,,,,,,,,,,,,,,,,
Karosserieform,183,Pulizia di cassaforme,Schalungsreinigung,Nettoyage de coffrage,,,,,,,,,,,,,,,,,,,,,,,,,
Karosserieform,184,Estintore a schiuma,Schaumlöscher,Extincteur à mousse,,,,,,,,,,,,,,,,,,,,,,,,,
Karosserieform,185,Carrozzone da mostra,Schaustellerfahrzeug,Véhicule de forains,,,,,,,,,,,,,,,,,,,,,,,,,
Karosserieform,186,Veicolo di radiografia,Schirmbildfahrzeug,Véhicule avec équipement radioscopique,,,,,,,,,,,,,,,,,,,,,,,,,
Karosserieform,187,Aspiratore di fango,Schlammsauger,Aspirateur de boues,,,,,,,,,,,,,,,,,,,,,,,,,
Karosserieform,188,Rimorchio per tubi flessibili,Schlauchanhänger,Remorque à tuyaux,,,,,,,,,,,,,,,,,,,,,,,,,
Karosserieform,189,Ponte ribaltabile con argano,Kippbrücke mit Seilwinde,Pont basculant avec treuil,,,,,,,,,,,,,,,,,,,,,,,,,
Karosserieform,190,Sgombro della neve,Schneeräumung,Déblaiment de la neige,,,,,,,,,,,,,,,,,,,,,,,,,
Karosserieform,191,Legname lungo con gru di carico,Langholz mit Ladekran,Longs bois avec grue de chargement,,,,,,,,,,,,,,,,,,,,,,,,,
Karosserieform,193,Legname lungo con argano,Langholz mit Seilwinde,Longs bois avec treuil,,,,,,,,,,,,,,,,,,,,,,,,,
Karosserieform,194,Scavatrice a benna trascinata,Schürflader,Démanteleuse,,,,,,,,,,,,,,,,,,,,,,,,,
Karosserieform,195,Gruppo elettrogeno di saldatura,Schweissgruppe,Groupe électrogène de soudure,,,,,,,,,,,,,,,,,,,,,,,,,
Karosserieform,196,Materiale lungo con gru di carico,Langmaterial mit Ladekran,Ranchet pour longs mat. avec grue chargement,,,,,,,,,,,,,,,,,,,,,,,,,
Karosserieform,197,Argano,Seilwinde,Treuil,,,,,,,,,,,,,,,,,,,,,,,,,
Karosserieform,198,Carrello elevatore laterale,Seitengabelstapler,Elévateur à fourche latérale,,,,,,,,,,,,,,,,,,,,,,,,,
Karosserieform,199,Rimorchio pilizia segnaletica,Signal-Waschanhänger,Remorque pour le lavage de signaux,,,,,,,,,,,,,,,,,,,,,,,,,
Karosserieform,200,silo merce alla rinfusa,Silo für Schüttgut,Silo à grains,,,,,,,,,,,,,,,,,,,,,,,,,
Karosserieform,201,Silo per cemento,Silo für Zement,Silo à ciment,,,,,,,,,,,,,,,,,,,,,,,,,
Karosserieform,202,Estintore a polvere,Staublöscher,Extincteur à poudre,,,,,,,,,,,,,,,,,,,,,,,,,
Karosserieform,203,Frantoio per pietre,Steinbrecher,Concasseur,,,,,,,,,,,,,,,,,,,,,,,,,
Karosserieform,204,Finitrice di strade,Strassenfertiger,Finisseuse de routes,,,,,,,,,,,,,,,,,,,,,,,,,
Karosserieform,205,Scopatrice,Kehrmaschine,Balayeuse,,,,,,,,,,,,,,,,,,,,,,,,,
Karosserieform,206,Carrello per trasporti stradali,Strassenrollschemel,Porte-wagon,,,,,,,,,,,,,,,,,,,,,,,,,
Karosserieform,207,Autoinnaffiatrice,Schwemmwagen,Arroseuse,,,,,,,,,,,,,,,,,,,,,,,,,
Karosserieform,208,Macchina per spargere,Streuer / Sprenger,Epandeuse,,,,,,,,,,,,,,,,,,,,,,,,,
Karosserieform,210,cisterna protezione per olio / chimici,Tank für Oel- / Chemiewehr,Citerne protection huile / chimie,,,,,,,,,,,,,,,,,,,,,,,,,
Karosserieform,211,Cisterna per bevande,Tank für Getränke,Citerne à boissons,,,,,,,,,,,,,,,,,,,,,,,,,
Karosserieform,212,Cisterna per latte,Tank für Milch,Citerne à lait,,,,,,,,,,,,,,,,,,,,,,,,,
Karosserieform,213,cisterna per asfalto / bitume,Tank für Teer / Bitumen,Citerne à goudron / bitume,,,,,,,,,,,,,,,,,,,,,,,,,
Karosserieform,214,Cisterna per carburante,Tank für Treibstoffe,Citerne à carburants,,,,,,,,,,,,,,,,,,,,,,,,,
Karosserieform,215,Cisterna per acqua,Tank für Wasser,Citerne à eau,,,,,,,,,,,,,,,,,,,,,,,,,
Karosserieform,217,Autobotte-estintore,Tanklöschfahrzeug,Fourgon tonne-pompe,,,,,,,,,,,,,,,,,,,,,,,,,
Karosserieform,218,Scavarrice telescopica,Teleskopbagger,Excavatrice téléscopique,,,,,,,,,,,,,,,,,,,,,,,,,
Karosserieform,219,Ponte abbassato,Tiefgangbrücke,Pont surbaissé,,,,,,,,,,,,,,,,,,,,,,,,,
Karosserieform,220,Veicolo a soprastruttura intercambiabile,Transporter / Wechselaufbauten,Véhicule à superstructure interchangeable,,,,,,,,,,,,,,,,,,,,,,,,,
Karosserieform,221,Veicolo di vendita,Verkaufsfahrzeug,Magasin de vente,,,,,,,,,,,,,,,,,,,,,,,,,
Karosserieform,222,Asse per trasporti,Transportachse,Essieu de transport,,,,,,,,,,,,,,,,,,,,,,,,,
Karosserieform,223,Materiale lungo con argano,Langmaterial mit Seilwinde,Ranchet pour longs matériaux avec treuil,,,,,,,,,,,,,,,,,,,,,,,,,
Karosserieform,224,Veicolo di soccorso con argano,Abschleppwagen mit Seilwinde,Véhicule de remorquage avec treuil,,,,,,,,,,,,,,,,,,,,,,,,,
Karosserieform,225,Veicolo di soccorso con gru di carico,Abschleppwagen mit Ladekran,Véhicule de remorquage avec gru chargement,,,,,,,,,,,,,,,,,,,,,,,,,
Karosserieform,226,Soprastruttura intercambiabile,Wechselaufbau,Superstructure interchangeable,,,,,,,,,,,,,,,,,,,,,,,,,
Karosserieform,227,Vibratore,Vibrator,Vibrateur,,,,,,,,,,,,,,,,,,,,,,,,,
Karosserieform,228,Trasporto di bestiame,Viehtransport,Transport d'animaux,,,,,,,,,,,,,,,,,,,,,,,,,
Karosserieform,229,Rullo compressore,Walze,Rouleau compresseur,,,,,,,,,,,,,,,,,,,,,,,,,
Karosserieform,230,Lancia-acqua,Wasserwerfer,Canon à eau,,,,,,,,,,,,,,,,,,,,,,,,,
Karosserieform,231,Veicolo multibenna,Wechselladekipper Welaki,Camion multibennes,,,,,,,,,,,,,,,,,,,,,,,,,
Karosserieform,232,Officina,Werkstatt,Atelier,,,,,,,,,,,,,,,,,,,,,,,,,
Karosserieform,233,cassa per attrezzi,Werkzeugkasten,Caisson à outillage,,,,,,,,,,,,,,,,,,,,,,,,,
Karosserieform,234,Veicolo abitabile,Wohnwagen,Véhicule d'habitation,,,,,,,,,,,,,,,,,,,,,,,,,
Karosserieform,235,Veicolo clinica dentaria,Zahnklinik,Clinique dentaire,,,,,,,,,,,,,,,,,,,,,,,,,
Karosserieform,236,Veicolo cellulare,Zellenwagen,Véhicule cellulaire,,,,,,,,,,,,,,,,,,,,,,,,,
Karosserieform,237,Rimorchio segnalazione stradale,Warnleitanhänger,signal à feux clignotants,,,,,,,,,,,,,,,,,,,,,,,,,
Karosserieform,238,Ponte con gru di carico,Brücke mit Ladekran,Pont avec grue de chargement,,,,,,,,,,,,,,,,,,,,,,,,,
Karosserieform,239,Revisione di cisterne,Tankrevision,Révision de citernes,,,,,,,,,,,,,,,,,,,,,,,,,
Karosserieform,240,Ponte con piattaforma elevatrice,Brücke mit Hebebühne,Pont avec plate-forme élevatrice,,,,,,,,,,,,,,,,,,,,,,,,,
Karosserieform,241,Ponte con argano,Brücke mit Seilwinde,Pont avec treuil,,,,,,,,,,,,,,,,,,,,,,,,,
Karosserieform,242,Cisterna per prodotti chimici,Tank für Chemikalien,Citerne à produits chimiques,,,,,,,,,,,,,,,,,,,,,,,,,
Karosserieform,243,Cisterna  per olio commestibile,Tank für Speiseöl,Citerne à huile alimentaire,,,,,,,,,,,,,,,,,,,,,,,,,
Karosserieform,244,Ponte con telone e gru di carico,Brücke mit Verdeck und Ladekran,Pont bâché avec grue de chargement,,,,,,,,,,,,,,,,,,,,,,,,,
Karosserieform,245,Scavatrice,Bagger,Excavatrice,,,,,,,,,,,,,,,,,,,,,,,,,
Karosserieform,246,Ponte con telone e piattaforma elevatrice,Brücke mit Verdeck und Hebebühne,Pont bâche avec plate-form élévatrice,,,,,,,,,,,,,,,,,,,,,,,,,
Karosserieform,247,Ponte con telone e argano,Brücke mit Verdeck und Seilwinde,Pont bâché avec treuil,,,,,,,,,,,,,,,,,,,,,,,,,
Karosserieform,248,Fresatrice per fossi,Grabenfräse,Fraiseuse de tranchée,,,,,,,,,,,,,,,,,,,,,,,,,
Karosserieform,249,Cassone con piattaforma elevatrice,Kasten mit Hebebühne,Fourgon avec plate-form élévatrice,,,,,,,,,,,,,,,,,,,,,,,,,
Karosserieform,250,Rullo compressore gommato,Pneuwalze,Rouleau compresseur à pneus,,,,,,,,,,,,,,,,,,,,,,,,,
Karosserieform,251,Trattore leggero,Kleintraktor,Mini-tracteur,,,,,,,,,,,,,,,,,,,,,,,,,
Karosserieform,252,Cassone con gru di carico,Kasten mit Ladekran,Fourgon avec grue de chargement,,,,,,,,,,,,,,,,,,,,,,,,,
Karosserieform,253,Cassone con argano,Kasten mit Seilwinde,Fourgon avec treuil,,,,,,,,,,,,,,,,,,,,,,,,,
Karosserieform,254,Veicolo a soprastruttura scarrabile a cavo,Wechselabrollaufbau Kabel,Agrégat superstructure interchangeable câble,,,,,,,,,,,,,,,,,,,,,,,,,
Karosserieform,255,Veicolo soprastruttura scarrabile a gancio,Wechselabrollaufbau Haken,Agrégat superstr. interchangeable crochet,,,,,,,,,,,,,,,,,,,,,,,,,
Karosserieform,256,Impianto di filtraggio,Siebanlage,Installation de criblage,,,,,,,,,,,,,,,,,,,,,,,,,
Karosserieform,257,Lavorazione della lamiera,Blechbearbeitung,Façonnage de la tôle,,,,,,,,,,,,,,,,,,,,,,,,,
Karosserieform,258,Veicolo soprastr. scarrabile gancio e catena,Wechselabrollaufbau Haken und Kette,Agrégat superstr. interch. crochet et chaîne,,,,,,,,,,,,,,,,,,,,,,,,,
Karosserieform,259,Pala caricatrice / scavatrice,Ladeschaufel / Bagger,Pelle chargeuse / excavatrice,,,,,,,,,,,,,,,,,,,,,,,,,
Karosserieform,260,Pressaforaggi,Ballenpresse,Presse à fourrage,,,,,,,,,,,,,,,,,,,,,,,,,
Karosserieform,261,Contenitore per calcestruzzo,Behälter für Beton,Citerne à béton,,,,,,,,,,,,,,,,,,,,,,,,,
Karosserieform,262,Impianto preparazione calcestruzzo,Betonaufbereitungsanlage,Installation de préparation du béton,,,,,,,,,,,,,,,,,,,,,,,,,
Karosserieform,263,Autobus,Bus,Autobus,,,,,,,,,,,,,,,,,,,,,,,,,
Karosserieform,265,Veicolo d'intervento,Einsatzfahrzeug,Véhicule d'intervention,,,,,,,,,,,,,,,,,,,,,,,,,
Karosserieform,266,Raccoglitrice,Erntemaschine,Récolteuse,,,,,,,,,,,,,,,,,,,,,,,,,
Karosserieform,267,Betoniera semovente con nastro trasportatore,Fahrmischer mit Förderband,Malaxeur avec tapis roulant,,,,,,,,,,,,,,,,,,,,,,,,,
Karosserieform,268,Sostegno per piattaforma di montaggia,Gestell für Montagewagen,Châssis pour chariot montage,,,,,,,,,,,,,,,,,,,,,,,,,
Karosserieform,269,Porta-attrezzi,Geräteträger,Porteur d'engins,,,,,,,,,,,,,,,,,,,,,,,,,
Karosserieform,270,Scaffalatura per segnali,Gestell für Signale,Etagère pour signaux,,,,,,,,,,,,,,,,,,,,,,,,,
Karosserieform,271,sostegno per rullo compressore,Gestell für Walze,Châssis pour rouleau,,,,,,,,,,,,,,,,,,,,,,,,,
Karosserieform,272,Cabina per passeggero,Gondel,Nacelle,,,,,,,,,,,,,,,,,,,,,,,,,
Karosserieform,273,Griffa,Greifer,Grappin,,,,,,,,,,,,,,,,,,,,,,,,,
Karosserieform,274,Ponte elevatore,Hubbrücke,Pont élévateur,,,,,,,,,,,,,,,,,,,,,,,,,
Karosserieform,275,Pulizia di canali,Kanalreiniger,Récureur de canal,,,,,,,,,,,,,,,,,,,,,,,,,
Karosserieform,276,Roulotte pieghevole,Klappwohnanhänger,Caravane pliable,,,,,,,,,,,,,,,,,,,,,,,,,
Karosserieform,277,Pala caricatrice / scavatrice rovescio,Ladeschaufel / Heckbagger,Pelle chargeuse / rétro-pelle,,,,,,,,,,,,,,,,,,,,,,,,,
Karosserieform,278,Veicolo caricatore,Ladewagen,Véhicule de chargement,,,,,,,,,,,,,,,,,,,,,,,,,
Karosserieform,279,Impianto di miscelatura e trasporto,Misch- und Förderanlage,Mélangeur et transporteur,,,,,,,,,,,,,,,,,,,,,,,,,
Karosserieform,281,Veicolo per preparazione piste,Pistenfahrzeug,Véhicule dameur de pistes,,,,,,,,,,,,,,,,,,,,,,,,,
Karosserieform,282,Battipalo,Ramme,Mouton,,,,,,,,,,,,,,,,,,,,,,,,,
Karosserieform,285,Scooter,Roller,Scooter,,,,,,,,,,,,,,,,,,,,,,,,,
Karosserieform,286,Autobus per scolari,Schulbus,Autobus scolaire,,,,,,,,,,,,,,,,,,,,,,,,,
Karosserieform,287,Trasporto di veicoli con gru di carico,Fahrzeugtransport mit Ladekran,Transport de véhicules avec grue chargement,,,,,,,,,,,,,,,,,,,,,,,,,
Karosserieform,288,Bitumatrice,Teersprenggerät,Goudronneuse,,,,,,,,,,,,,,,,,,,,,,,,,
Karosserieform,289,Veicolo toletta,Toilettenfahrzeug,Véhicule toilettes,,,,,,,,,,,,,,,,,,,,,,,,,
Karosserieform,290,Veicolo a torretta,Turmwagen,Tourelle,,,,,,,,,,,,,,,,,,,,,,,,,
Karosserieform,291,Trsp. contenitori con piattaforma elevatrice,Containertransport mit Hebebühne,Porte-conteneur avec plate-forme élévatrice,,,,,,,,,,,,,,,,,,,,,,,,,
Karosserieform,292,Trsp.contenitori dispositivo carico laterale,Containertransport mit Seitenladevorrichtung,Porte-conteneur dispositif de charg.latéral,,,,,,,,,,,,,,,,,,,,,,,,,
Karosserieform,293,Ufficio,Büro,Bureau,,,,,,,,,,,,,,,,,,,,,,,,,
Karosserieform,294,Piattaforma di lavoro,Arbeitsbühne,Plate-form de travail,,,,,,,,,,,,,,,,,,,,,,,,,
Karosserieform,295,Braccio telescopica,Teleskopmast,Mât téléscopique,,,,,,,,,,,,,,,,,,,,,,,,,
Karosserieform,296,Cisterna per gas,Tank für Gas,Citerne pour gaz,,,,,,,,,,,,,,,,,,,,,,,,,
Karosserieform,297,Trasporto di aeromobili,Fluggerätetransport,Transport d'engins volant,,,,,,,,,,,,,,,,,,,,,,,,,
Karosserieform,298,Trasporto per natanti sportivi,Wassersportgerätetransport,Transport d'engins sport nautique,,,,,,,,,,,,,,,,,,,,,,,,,
Karosserieform,299,Ponte ribaltabile con telone,Kippbrücke mit Verdeck,Pont basculant avec bâche,,,,,,,,,,,,,,,,,,,,,,,,,
Karosserieform,301,Ponte con telone,Brücke mit Verdeck,Pont acec bâche,,,,,,,,,,,,,,,,,,,,,,,,,
Karosserieform,302,Impianto di trasporto,Förderanlage,Transporteur,,,,,,,,,,,,,,,,,,,,,,,,,
Karosserieform,303,Sostegno per costipatori,Gestell für Verdichter,Châssis pour compacteur,,,,,,,,,,,,,,,,,,,,,,,,,
Karosserieform,304,Macchina di fienagione,Heuerntegerät,Machine de fenaison,,,,,,,,,,,,,,,,,,,,,,,,,
Karosserieform,305,Trattore a cavaliere,Hochtraktor,Tracteur enjambeur,,,,,,,,,,,,,,,,,,,,,,,,,
Karosserieform,306,Veicolo per disabili,Behindertenfahrzeug,Véhicule d'handicapés,,,,,,,,,,,,,,,,,,,,,,,,,
Karosserieform,307,Macchina posacavi,Kabelzugmaschine,Machine de traction de câbles,,,,,,,,,,,,,,,,,,,,,,,,,
Karosserieform,308,Cabina,Kabine,Cabine,,,,,,,,,,,,,,,,,,,,,,,,,
Karosserieform,310,Silo ribaltabile foraggio,Kippsilo für Tierfutter,Silo basculant pour nourriture animaux,,,,,,,,,,,,,,,,,,,,,,,,,
Karosserieform,311,Autogru,Kranwagen,Camion-grue,,,,,,,,,,,,,,,,,,,,,,,,,
Karosserieform,312,Laboratorio,Labor,Laboratoire,,,,,,,,,,,,,,,,,,,,,,,,,
Karosserieform,313,Pala caricatrice / griffa revescio,Ladeschaufel / Heckgreifer,Pelle chargeuse / rétro-grappin,,,,,,,,,,,,,,,,,,,,,,,,,
Karosserieform,314,Scala,Leiter,Echelle,,,,,,,,,,,,,,,,,,,,,,,,,
Karosserieform,315,Rimorchio per scale,Leiteranhänger,Remorque Porte-échelle,,,,,,,,,,,,,,,,,,,,,,,,,
Karosserieform,316,Palo d'illuminazione,Lichtmast,Mât pour projecteur,,,,,,,,,,,,,,,,,,,,,,,,,
Karosserieform,317,Rimorchio per materiale,Materialanhänger,Remorque à matériel,,,,,,,,,,,,,,,,,,,,,,,,,
Karosserieform,318,Motopompa multiuso,Mehrzweckspritze,Motopompe à usages divers,,,,,,,,,,,,,,,,,,,,,,,,,
Karosserieform,319,cassone decappottabile,Kasten abdeckbar,Fourgon à toit amovible,,,,,,,,,,,,,,,,,,,,,,,,,
Karosserieform,320,Macchina di pulizia,Reinigungsmaschine,Machine à nettoyer,,,,,,,,,,,,,,,,,,,,,,,,,
Karosserieform,321,Seminatrice,Sämaschine,Semoir,,,,,,,,,,,,,,,,,,,,,,,,,
Karosserieform,322,Veicolo sanitario,Sanitätswagen,Véhicule sanitaire,,,,,,,,,,,,,,,,,,,,,,,,,
Karosserieform,323,Veicolo epizoozie,Seuchenfahrzeug,Véhicule épizooti,,,,,,,,,,,,,,,,,,,,,,,,,
Karosserieform,324,Raccoglisassi,Steinsammler,Ramasseuse de pierres,,,,,,,,,,,,,,,,,,,,,,,,,
Karosserieform,325,Essicatoio per fieno,Trocknungsanlage,Séchoir à herbe,,,,,,,,,,,,,,,,,,,,,,,,,
Karosserieform,326,Trinciatrice,Häcksler,Hâcheuse,,,,,,,,,,,,,,,,,,,,,,,,,
Karosserieform,327,Falciatrice,Mäher,Faucheuse,,,,,,,,,,,,,,,,,,,,,,,,,
Karosserieform,328,Cassone climatizzato,Klimatisierter Kasten,Fourgon climatisé,,,,,,,,,,,,,,,,,,,,,,,,,
Karosserieform,329,Macchina per raccolta,Pflückmaschine,Machine pour la cueillette,,,,,,,,,,,,,,,,,,,,,,,,,
Karosserieform,330,Spandiletame,Mistzettler,Epandeur de fumier,,,,,,,,,,,,,,,,,,,,,,,,,
Karosserieform,332,Telaio per scavatrice,Gestell für Bagger,Châssis pour excavatrice,,,,,,,,,,,,,,,,,,,,,,,,,
Karosserieform,333,Pompa per presa di forza,Zapfwellenpumpe,Pompe pour prise de force,,,,,,,,,,,,,,,,,,,,,,,,,
Karosserieform,334,Rimorchio per tenda pieghevole,Zeltanhänger,Remorque tente pliable,,,,,,,,,,,,,,,,,,,,,,,,,
Karosserieform,337,Tagliatrice-caricatrice,Strassenabrand-Aufladegerät,Découpeuse-chargeuse,,,,,,,,,,,,,,,,,,,,,,,,,
Karosserieform,338,Silo per nutrimento animale,Silo für Tierfutter,Silo pour nourriture animaux,,,,,,,,,,,,,,,,,,,,,,,,,
Karosserieform,339,Berlina blindata,Limousine gepanzert,Limousine blindée,,,,,,,,,,,,,,,,,,,,,,,,,
Karosserieform,340,Veicolo per interventi urgenti,Notfalleinsatzfahrzeug,Véhicule d'intervention urgente,,,,,,,,,,,,,,,,,,,,,,,,,
Karosserieform,341,Cassone aperto,Offener Kasten,Fourgon ouvert / Caisson,,,,,,,,,,,,,,,,,,,,,,,,,
Karosserieform,342,Cassone aperto ribaltabile,Offener Kippkasten,Fourgon ouvert basculant,,,,,,,,,,,,,,,,,,,,,,,,,
Karosserieform,343,Veicolo per trasporto e posa sili,Silotransport- und Silostellfahrzeug,Véhicule de transport et placeur de silo,,,,,,,,,,,,,,,,,,,,,,,,,
Karosserieform,344,Veicolo polivalente di spegnimento,Universallöschfahrzeug,Véhicule d'extintion polyvalent,,,,,,,,,,,,,,,,,,,,,,,,,
Karosserieform,345,Imballatrice,Ballenwickler,Enrubanneuse,,,,,,,,,,,,,,,,,,,,,,,,,
Karosserieform,346,Fresa rivestimento / caricatrice,Belagfräse / Lader,Fraiseuse revêtement / chargeuse,,,,,,,,,,,,,,,,,,,,,,,,,
Karosserieform,347,Betoniera semovente con pompa calcestruzzo,Fahrmischer mit Betonpumpe,Malaxeur avec pompe à béton,,,,,,,,,,,,,,,,,,,,,,,,,
Karosserieform,348,Veicolo di comando,Kommandofahrzeug,Véhicule de commandement,,,,,,,,,,,,,,,,,,,,,,,,,
Karosserieform,349,Griglia,Grill,Gril,,,,,,,,,,,,,,,,,,,,,,,,,
Karosserieform,350,Carrello elevatore intercambiabile,Wechselhubwagen,Chariot élévateur interchangeable,,,,,,,,,,,,,,,,,,,,,,,,,
Karosserieform,351,Pressaforaggi / Imballatrice,Ballenpresse / Wickler,Presse à fourrage / Enrubanneuse,,,,,,,,,,,,,,,,,,,,,,,,,
Karosserieform,352,Soprastruttura pubblicità,Werbeaufbau,Superstructure publicitaire,,,,,,,,,,,,,,,,,,,,,,,,,
Karosserieform,353,Telaio per il trasporto di barriere,Gestell für Schrankentransport,Châssi pour transport de barriéres,,,,,,,,,,,,,,,,,,,,,,,,,
Karosserieform,354,Tribuna mobile,Mobile Rolltribüne,Tribune mobile,,,,,,,,,,,,,,,,,,,,,,,,,
Karosserieform,355,Cassone per rifiuti con gru di carico,Kehrichtabfuhr mit Ladekran,Fourgon à ordures avec grue chargement,,,,,,,,,,,,,,,,,,,,,,,,,
Karosserieform,356,cucina da campo,Feldküche,Cuisine roulante,,,,,,,,,,,,,,,,,,,,,,,,,
Karosserieform,357,Miscelatore di mangime,Futtermischwagen,Mélangeur de fourrages,,,,,,,,,,,,,,,,,,,,,,,,,
Karosserieform,358,Ranghinatore / Andanatore,Kreiselheuer / Schwader,Pirouette / Andaineur,,,,,,,,,,,,,,,,,,,,,,,,,
Karosserieform,359,Macchina per lavorare la vigna,Rebenbearbeitungsmaschine,Machine à travailler les vignes,,,,,,,,,,,,,,,,,,,,,,,,,
Karosserieform,360,Agganciamento con sella a gru,Sattelkupplung mit Kran,Attelage à sellette avec grue,,,,,,,,,,,,,,,,,,,,,,,,,
Karosserieform,361,Cisterna per prodotti tecnici,Tank für technische Produkte,Citerne pour produits techniques,,,,,,,,,,,,,,,,,,,,,,,,,
Karosserieform,362,Altana mobile,Mobile Jagdkanzel,Mirador mobile,,,,,,,,,,,,,,,,,,,,,,,,,
Karosserieform,363,Trasporto cavalli/Veicolo abitabile,Pferdetransport/Wohnwagen,Transport de chevaux/Véhicule d'habitation,,,,,,,,,,,,,,,,,,,,,,,,,
Karosserieform,699,Ulteriori,Übrige gemäss Angaben des Verkehrsexperten,"Autres,selon indications l'expert automobile",,,,,,,,,,,,,,,,,,,,,,,,,
Karosserieform,704,Bulldozer,Bulldozer,Bulldozer,,,,,,,,,,,,,,,,,,,,,,,,,
Karosserieform,751,Rullo a tre route,Dreiradglattwalze,Rouleau trijante,,,,,,,,,,,,,,,,,,,,,,,,,
Karosserieform,752,Grader,Grader,Grader,,,,,,,,,,,,,,,,,,,,,,,,,
Karosserieform,753,Rullo statico,Glattwalze statisch,Rouleau statique,,,,,,,,,,,,,,,,,,,,,,,,,
Karosserieform,754,Escavatrice idraulica,Hydraulikbagger,Pelle hydraulique,,,,,,,,,,,,,,,,,,,,,,,,,
Karosserieform,755,Martello idraulica,Hydraulikhammer,Marteau hydraulique,,,,,,,,,,,,,,,,,,,,,,,,,
Karosserieform,756,Vibratore placche multiple,Mehrplattenverdichter,Vibrateur plaques multiples,,,,,,,,,,,,,,,,,,,,,,,,,
Karosserieform,757,escavatrice ragno,Schreitbagger,Pelle marchante,,,,,,,,,,,,,,,,,,,,,,,,,
Karosserieform,758,Escavatrice meccanica,Seilbagger,Pelle mécanique,,,,,,,,,,,,,,,,,,,,,,,,,
Karosserieform,761,Trattore escavatore,Traktorbagger,Tractopelle,,,,,,,,,,,,,,,,,,,,,,,,,
Karosserieform,762,Rullo vibratore,Vibrationswalze,Rouleau vibrant,,,,,,,,,,,,,,,,,,,,,,,,,
,,,,,,,,,,,,,,,,,,,,,,,,,,,,,
Partikelfilter,P,Filtro antiparticolato,Partikelfilter,Filtre à particules,,,,,,,,,,,,,,,,,,,,,,,,,
Partikelfilter,R,"Filtro antiparticolato diesel, rilevante per la TTPCP","Dieselpartikelfilter, LSVA-relevant","Filtre à particules diesel, pertinent pour la RPLP",,,,,,,,,,,,,,,,,,,,,,,,,
Partikelfilter,S,"Filtro antiparticolato diesel, non rilevante per la TTPCP","Dieselpartikelfilter, nicht LSVA-relevant","Filtre à particules diesel, non pertinent pour la RPLP",,,,,,,,,,,,,,,,,,,,,,,,,
,,,,,,,,,,,,,,,,,,,,,,,,,,,,,
Schildart,AT,Personale amministrativo di rapprensentanze diplomatiche,Diplomatisches Verwaltungspersonal,Personnel administratif diplomatique,,,,,,,,,,,,,,,,,,,,,,,,,
Schildart,CC,Voit. service fonctionnaire consulaire,Dienstwagen von Konsularbeamten,Voit. service fonctionnaire consulaire,,,,,,,,,,,,,,,,,,,,,,,,,
Schildart,CD,Missions diplomatiques,Diplomatische Missionen,Missions diplomatiques,,,,,,,,,,,,,,,,,,,,,,,,,
Schildart,K,Immatricolazione linitata dal Cantone,Kantonsbefristet,Échéance du canton,,,,,,,,,,,,,,,,,,,,,,,,,
Schildart,N,Targa normale,Normalschild,Plaque normale,,,,,,,,,,,,,,,,,,,,,,,,,
Schildart,U,Targhe professionali,Händlerschild,Plaques professionnelles,,,,,,,,,,,,,,,,,,,,,,,,,
Schildart,Z,Immatricolazione limitata dalla dogana,Zollbefristet,Écheance de la douane,,,,,,,,,,,,,,,,,,,,,,,,,
,,,,,,,,,,,,,,,,,,,,,,,,,,,,,
Schildfarbe,0,Bianca,Weiss,Blanche,,,,,,,,,,,,,,,,,,,,,,,,,
Schildfarbe,1,bianca (motoveicolo),Weiss (Motorrad),blanche (Motocycle),,,,,,,,,,,,,,,,,,,,,,,,,
Schildfarbe,2,"Gialla, Motoleggera","Gelb, Kleinmotorrad","Jaune, motocycle léger",,,,,,,,,,,,,,,,,,,,,,,,,
Schildfarbe,3,"Verde, veicolo agricolo","Grün, Landw. Fahrzeug","Verte, véhicule agricole",,,,,,,,,,,,,,,,,,,,,,,,,
Schildfarbe,4,"Azzurra, Veicolo da lavoro","Blau, Arbeitsfahrzeug","Bleue, véhicule de travail",,,,,,,,,,,,,,,,,,,,,,,,,
Schildfarbe,5,"Marrone, veicolo eccezionale","Braun, Ausnahmefahrzeug","Brune, véhicule spécial",,,,,,,,,,,,,,,,,,,,,,,,,
Schildfarbe,6,"Nera, veicolo militare","Schwarz, Armeefahrzeug","Noire, véhicule militaire",,,,,,,,,,,,,,,,,,,,,,,,,
,,,,,,,,,,,,,,,,,,,,,,,,,,,,,
Treibstoff,B,Benzina,Benzin,Essence,,,,,,,,,,,,,,,,,,,,,,,,,
Treibstoff,C,Benzina / elettrico,Benzin / Elektrisch,Essenze / électrique,,,,,,,,,,,,,,,,,,,,,,,,,
Treibstoff,D,Diesel,Diesel,Diesel,,,,,,,,,,,,,,,,,,,,,,,,,
Treibstoff,E,Elettrico,Elektrisch,Electrique,,,,,,,,,,,,,,,,,,,,,,,,,
Treibstoff,F,Diesel / elettrico,Diesel / Elektrisch,Diesel / électrique,,,,,,,,,,,,,,,,,,,,,,,,,
Treibstoff,G,Gaz (CNG/GPL),Gas (CNG/GPL),Gaz (CNG/GPL),,,,,,,,,,,,,,,,,,,,,,,,,
Treibstoff,J,Alcohol (ethanol),Alkohol (Ethanol),alcool (éthanol),,,,,,,,,,,,,,,,,,,,,,,,,
Treibstoff,K,Benzina / alcohol (ethanol),Benzin / Alkohol (Ethanol),Essence / alcool (éthanol),,,,,,,,,,,,,,,,,,,,,,,,,
Treibstoff,L,Gas di petrolio liquefatti (LPG),Flüssiggas (LPG),Gaz de pétrole liquéfié (LPG),,,,,,,,,,,,,,,,,,,,,,,,,
Treibstoff,M,Metanolo,Methanol,Méthanol,,,,,,,,,,,,,,,,,,,,,,,,,
Treibstoff,N,Gas naturale (CNG),Erdgas (CNG),Gaz naturel (CNG),,,,,,,,,,,,,,,,,,,,,,,,,
Treibstoff,P,Petrolio,Petrol,Pétrole,,,,,,,,,,,,,,,,,,,,,,,,,
Treibstoff,R,Elettrico con RE (Range Extender),Elektrisch mit RE (Range Extender),Electrique avec RE (Range Extender),,,,,,,,,,,,,,,,,,,,,,,,,
Treibstoff,U,altri carburanti,übrige Treibstoffe,autres carburants,,,,,,,,,,,,,,,,,,,,,,,,,
Treibstoff,W,Idrogeno,Wasserstoff,Hydrogène,,,,,,,,,,,,,,,,,,,,,,,,,
Treibstoff,X,Idrogeno / elettrico,Wasserstoff / Elektrisch,Hydrogène / électrique,,,,,,,,,,,,,,,,,,,,,,,,,
Treibstoff,Y,Gas naturale (CNG) / benzina,Erdgas (CNG) / Benzin,Gaz naturel (CNG) / essence,,,,,,,,,,,,,,,,,,,,,,,,,
Treibstoff,Z,Gas di petrolio liquefatti (LPG) / benzina,Flüssiggas (LPG) / Benzin,Gaz de pétrole liquéfié (LPG) / essence,,,,,,,,,,,,,,,,,,,,,,,,,
,,,,,,,,,,,,,,,,,,,,,,,,,,,,,
Vertriebskanal,D,Importazioni dirette (= omologazione X o vuoto),Direktimporte (=Typengenehmigung X oder leer),Importations directes (= réception par type X ou vide),,,,,,,,,,,,,,,,,,,,,,,,,
Vertriebskanal,G,"Importazioni autorizzate dal fabbricante, importatore generale (= omologazioni con tutte le altre serie di caratteri)","Herstellerautorisierte Importe, Generalimporteur (=Typengenehmigungen mit allen anderen Zeichenfolgen)","Importations autorisées par le fabricant, Importateur général (= réceptions par type avec toutes les autres suites de chiffres)",,,,,,,,,,,,,,,,,,,,,,,,,
Vertriebskanal,NA,Non determinato (omologazione non inclusa nella serie di dati),unbestimmt. (Typengenehmigung nicht im Datensatz enthalten),Non déterminé (réception par type non comprise dans le jeu de données),,,,,,,,,,,,,,,,,,,,,,,,,
Vertriebskanal,P,Importazioni parallele (= omologazione secondo il modello .X….).,Parallelimporte (=Typengenehmigung nach Muster .X….).,Importations parallèles (= réception par type selon exemple X….),,,,,,,,,,,,,,,,,,,,,,,,,
,,,,,,,,,,,,,,,,,,,,,,,,,,,,,
